sequence	Target	AlternateID	WDS	Con	RA2000	Dec2000	Mag	MaxSepSec	Notes
1	HD 21700	BD+27 514	STFA 7	Tau	03 31.1	+27 44	[6.8, 7.4, 7.8]	44.1	2,󰥮10cm,45x,winter(1)<NEWLINE>AB (Physical), PA: 234, Sep: 44.1<SECS>, Mag: 7.4/7.8 Wide pair. Nearly equal. Oriented NE to SW. Yellow or orange and blue. Beside double HR 1065.
2	Phi Tau	52 Tau, Alkalbain I	SHJ  40	Tau	04 20.4	+27 21	[5.0, 5.1, 7.5]	118.1	3,󰥮9cm,45x,winter(1)<NEWLINE>AB (Optical), PA: 259, Sep: 48.7<SECS>, Mag: 5.1/7.5 Widely separated. Intense colours, gold and blue. Unrelated bright orange-red star opposite B.<NEWLINE>AC (Uncertain), PA: 25, Sep: 118.1<SECS>, Mag: 5.1/12.3 Very dim partner, NNE.
3	32 Eri	HR 1212	STF 470	Eri	03 54.3	-02 57	[4.5, 4.8, 5.9]	164.7	3,󰥮9cm,140x,winter(1)<NEWLINE>AB (Uncertain), PA: 349, Sep: 6.9<SECS>, Mag: 4.8/5.9 Colourful pair, yellow and pale blue. Tight. May be called HR 1211 as opposed to HR 1212.<NEWLINE>AC (Optical), PA: 5, Sep: 164.7<SECS>, Mag: 4.8/10.5 Dim star beyond secondary, further north. Colourless.
4	Keid	Omicron 2 Eri	STF 518	Eri	04 15.2	-07 40	[4.4, 4.4, 9.3]	481.4	4,󰥮10cm,25x,winter(1)<NEWLINE>AB (Physical), PA: 102, Sep: 83.7<SECS>, Mag: 4.4/9.3 Very wide. Primary is orange or yellow. B is blue or red? B nearly due east.<NEWLINE>AC (Physical), PA: 98, Sep: 78.1<SECS>, Mag: 4.4/11.2 Another dim companion. C is very close to B, 9<SECS> apart! C north of B.<NEWLINE>AD (Optical), PA: 38, Sep: 481.4<SECS>, Mag: 4.4/12.6 Very faint and a long ways away. Looks like a field star. To the NE.
5	1 Cam	DL Cam	STF 550	Cam	04 32.0	+53 55	[5.4, 5.8, 6.8]	150.9	3,󰥮9cm,70x,winter(1)<NEWLINE>AB (Uncertain), PA: 309, Sep: 10.4<SECS>, Mag: 5.8/6.8 A and B bright. B NW of A. Very tight. Both look blue-white. A showcase pair for many.<NEWLINE>BC (Optical), PA: 217, Sep: 150.9<SECS>, Mag: 6.8/11.4 C much dimmer and well away to the SW. Looks pale blue?
6	Beta Cam	10 Cam	S  459	Cam	05 03.4	+60 27	[4.0, 4.1, 7.4]	84.2	3,󰥮10cm,60x,winter(1)<NEWLINE>AB (Uncertain), PA: 209, Sep: 84.2<SECS>, Mag: 4.1/7.4 Wide pair. Yellow and deep blue. B to the SW. Lots of field stars.<NEWLINE>BC (Physical), PA: 170, Sep: 14.8<SECS>, Mag: 7.4/12.4 Interesting triple. Very dim. Close to B. In a hockey stick shape. C south of B.
7	Rho Ori	17 Ori	STF 654	Ori	05 13.3	+02 52	[4.6, 4.6, 8.5]	183.4	3,󰥮15cm,100x,winter(1)<NEWLINE>AB (Uncertain), PA: 65, Sep: 6.4<SECS>, Mag: 4.6/8.5 Fantastic colours. Gold and deep blue. Quite tight. To the NE.<NEWLINE>AC (Optical), PA: 157, Sep: 183.4<SECS>, Mag: 4.6/11.4 90° to A and B. Very far away, 20 to 25 times!
8	Mintaka	Delta Ori, 34 Ori	STFA 14	Ori	05 32.0	-00 18	[2.4, 2.4, 6.8]	56.2	2,󰥮9cm,45x,winter(1)<NEWLINE>AC (Optical), PA: 4, Sep: 56.2<SECS>, Mag: 2.4/6.8 Widely separated, very attractive. Primary is white, a little yellow. Next star medium blue.
9	HR 1887	HD 36960	STF 747	Ori	05 35.0	-06 00	[4.3, 4.7, 5.5]	68.2	3,󰥮9cm,45x,winter(1)<NEWLINE>AB (Physical), PA: 225, Sep: 36.0<SECS>, Mag: 4.7/5.5 Very similar, pale yellow. Easily separated at 145x. Near Iota Orionis and Messier 42.<NEWLINE>AC (Physical), PA: 12, Sep: 68.2<SECS>, Mag: 4.7/9.0 Faint companion to the N.
10	Trapezium	Theta 1 Ori, 41 Ori	STF 748	Ori	05 35.3	-05 23	[6.2, 6.6, 7.5]	21.5	7,󰥮9cm,150x,winter(1)<NEWLINE>AB (Uncertain), PA: 32, Sep: 8.8<SECS>, Mag: 6.6/7.5 The Trapezium in the middle of M42. Stunning. B is NNE of A. Both white. Some report diff. colours.<NEWLINE>AC (Optical), PA: 132, Sep: 12.8<SECS>, Mag: 6.6/5.1 A, B, C, and D are all fairly easy. C is SE of A.<NEWLINE>AD (Uncertain), PA: 97, Sep: 21.5<SECS>, Mag: 6.6/6.4 A, B, C, and D are all fairly easy. D is kitty-corner from and east of A.<NEWLINE>AE (Uncertain), PA: 352, Sep: 4.6<SECS>, Mag: 6.6/11.1 E and F get harder. Need good seeing. E is between A and B (but not in-line).<NEWLINE>BF (Uncertain), PA: 154, Sep: 20.5<SECS>, Mag: 7.5/11.5 And higher magnification. F is SE of C.<NEWLINE>CZ (Uncertain), PA: 338, Sep: 6.5<SECS>, Mag: 5.1/12.7 Bonus points!
11	Beta Mon	11 Mon	STF 919	Mon	06 28.8	-07 02	[4.0, 4.6, 5.0]	26.6	4,󰥮9cm,100x,winter(1)<NEWLINE>AB (Uncertain), PA: 133, Sep: 7.1<SECS>, Mag: 4.6/5.0 Same colour, white. Extremely tight. Bright. B a tiny bit dimmer than A. SE of A.<NEWLINE>AC (Uncertain), PA: 125, Sep: 9.8<SECS>, Mag: 4.6/5.4 At low power B is not round. B very tight to C. C slightly dimmer than B. SE of B.<NEWLINE>AD (Uncertain), PA: 55, Sep: 26.6<SECS>, Mag: 4.6/12.1 Four or five times the AB sep., to the NE, a right angle to A-B-C. Very faint, needs averted.
12	HD 34071	TYC 5902-1722-1	GAL 378	Lep	05 14.1	-16 40	[7.5, 7.8, 9.2]	39.1	2,󰥮10cm,50x,winter(1)<NEWLINE>AB (Optical), PA: 318, Sep: 39.1<SECS>, Mag: 7.8/9.2 Yellow and orange. Nice. Primary is a K2 star. Near Mu Lep. Shown as single star in PSA.
13	Gamma Lep	Kursi al Jabbar, 13 Lep	H 6  40	Lep	05 44.5	-22 27	[3.5, 3.6, 6.3]	112.1	3,󰥮9cm,25x,winter(1)<NEWLINE>AB (Physical), PA: 350, Sep: 97.4<SECS>, Mag: 3.6/6.3 Colourful, unequal stars. Bright primary, yellow. Faint secondary, orange.<NEWLINE>BC (Optical), PA: 8, Sep: 112.1<SECS>, Mag: 6.3/11.4 Faint distant companion to the N.
14	HD 51502	PPM 123322	STTA 80	Gem	06 58.1	+14 14	[6.6, 7.3, 7.4]	124.1	4,󰥮10cm,25x,winter(1)<NEWLINE>AB (Optical), PA: 53, Sep: 124.1<SECS>, Mag: 7.3/7.4 Appears as a little triangle of stars in finder. Yellow primary, yellow secondary. To the NE.<NEWLINE>AC (Uncertain), PA: 112, Sep: 81.2<SECS>, Mag: 7.3/8.4 The tertiary star was orange. To the SE. Neat! In a rich field.<NEWLINE>AD (Optical), PA: 286, Sep: 86.3<SECS>, Mag: 7.3/10.3 Dim. Orange-red. To the W.
15	Mekbuda	Zeta Gem, 43 Gem	SHJ  77	Gem	07 04.1	+20 34	[4.1, 4.1, 11.5]	100.2	4,󰥮10cm,25x,winter(1)<NEWLINE>AB (Uncertain), PA: 85, Sep: 87.4<SECS>, Mag: 4.1/11.5 In an obvious triangle. Awesome. Light yellow primary. B dim to the E. In a neat field.<NEWLINE>AC (Optical), PA: 347, Sep: 100.2<SECS>, Mag: 4.1/7.7 Fairly bright star to N. A light yellow; B blue. At a 90° angle to A and B. Much brighter than B.<NEWLINE>AD (Uncertain), PA: 354, Sep: 67.8<SECS>, Mag: 4.1/12.5 Use averted vision. Between C and A stars.
16	HR 2764	Winter Albireo, 145 CMa	HJ 3945	CMa	07 16.6	-23 19	[4.6, 5.0, 5.8]	26.8	2,󰥮9cm,45x,winter(1)<NEWLINE>AB (Optical), PA: 50, Sep: 26.8<SECS>, Mag: 5.0/5.8 The Winter Albireo. Main star orangey. Companion is pale, sky blue. Wonderful sight.
17	19 Lyn	HD 57103, HR 2784	STF1062	Lyn	07 22.9	+55 17	[5.4, 5.8, 6.7]	215.3	4,󰥮9cm,45x,winter(2)<NEWLINE>AB (Physical), PA: 316, Sep: 14.8<SECS>, Mag: 5.8/6.7 A, B, and D obvious in a flattened triangle. Primary is white; secondary blue? Oriented SE to NW.<NEWLINE>AD (Physical), PA: 6, Sep: 215.3<SECS>, Mag: 5.8/7.6 A, B, and D obvious in a flattened triangle. Bright. Well to the N.<NEWLINE>BC (Physical), PA: 288, Sep: 74.1<SECS>, Mag: 6.7/12.8 To the west. Dim!
18	HD 75353	TYC 2491-00983-3	STF1282	Lyn	08 50.7	+35 04	[6.9, 7.6, 7.8]	49.4	3,󰥮15cm,140x,winter(2)<NEWLINE>AB (Physical), PA: 279, Sep: 3.5<SECS>, Mag: 7.6/7.8 Equal, similar colours. Both white? Pleasing separation at 71x; tight at 54x. Many field stars.<NEWLINE>AC (Physical), PA: 10, Sep: 49.4<SECS>, Mag: 7.5/12.4 Dim and distant. Nearly due N. Orange.
19	Alpha Lyn	40 Lyn, HD 80493	STT 571	Lyn	09 21.0	+34 24	[3.3, 3.3, 8.8]	223.3	3,󰥮10cm,25x,winter(2)<NEWLINE>AB (Optical), PA: 43, Sep: 223.3<SECS>, Mag: 3.3/8.8 Great system. The BC pair was far away NE. Incredible orange and blue at low power.<NEWLINE>BC (Uncertain), PA: 313, Sep: 16.7<SECS>, Mag: 8.8/11.1 Faint. Use high power. Visible at low power in good seeing. Colourless. 90° to AB line.
20	HR 2910	N Pup, HD 60585	H N 19	Pup	07 34.3	-23 28	[5.1, 5.8, 5.9]	9.6	2,󰥮9cm,100x,winter(2)<NEWLINE>AB (Physical), PA: 117, Sep: 9.6<SECS>, Mag: 5.8/5.9 aka HR 2909. Cool! Car headlights. Nearly same brightness. Same light yellow colour.
21	2 Pup	HR 3010	STF1138	Pup	07 45.5	-14 41	[5.5, 6.0, 6.7]	100.0	3,󰥮9cm,45x,winter(2)<NEWLINE>AB (Physical), PA: 341, Sep: 16.8<SECS>, Mag: 6.0/6.7 To the N. Nearly equal colour. Yellow and blue. Nearly equal brightness. Not far from Messier 46.<NEWLINE>AC (Uncertain), PA: 229, Sep: 100.0<SECS>, Mag: 6.0/10.6 Dim and distant. To the SW. White.
22	Tegmen	Zeta 1 Cnc, 16 Cnc	STF1196	Cnc	08 12.2	+17 39	[4.5, 5.3, 6.3]	672.3	7,󰥮9cm,100x,spring(1)<NEWLINE>AB (binary), PA: 8, Sep: 1.1<SECS>, Mag: 5.3/6.3 or Tegmine. At high power, not round, a figure-8. Almost in-line with C. Split at 391x in 2012.<NEWLINE>AC (Physical), PA: 51, Sep: 6.3<SECS>, Mag: 5.3/5.9 Pleasing at 52x. Main pale yellow colour, companion hint of orange? To the NE.<NEWLINE>AD (Optical), PA: 107, Sep: 275.6<SECS>, Mag: 4.9/8.9 Faint, well away to the E.<NEWLINE>AE (Optical), PA: 26, Sep: 562.2<SECS>, Mag: 4.9/10.1 NNE, further away than D.<NEWLINE>AF (Optical), PA: 46, Sep: 638.1<SECS>, Mag: 4.9/10.3 The faintest of all. East of the E star. aka TYC 01381-0323 1.<NEWLINE>AG (Optical), PA: 332, Sep: 672.3<SECS>, Mag: 4.9/10.2 G is to the NW, at a right angle to E star, about the same distance that E was from A.
23	HR 3395	HD 72945	STF1245	Cnc	08 35.8	+06 37	[5.7, 6.0, 7.2]	120.5	6,󰥮9cm,70x,spring(1)<NEWLINE>AB (Physical), PA: 25, Sep: 10.1<SECS>, Mag: 6.0/7.2 Yellow and white. In middle of a triangle. B was roughly north.<NEWLINE>AC (Optical), PA: 109, Sep: 100.4<SECS>, Mag: 6.0/10.7 C was to the east, was dimmer than E. C looked red. Opposite D.<NEWLINE>AD (Optical), PA: 292, Sep: 110.3<SECS>, Mag: 6.0/11.9 Dim. Opposite C.<NEWLINE>AE (Optical), PA: 207, Sep: 114.8<SECS>, Mag: 6.0/9.6 Brighter than C. Blue. To the south.<NEWLINE>AG (Uncertain), PA: 211, Sep: 120.5<SECS>, Mag: 6.0/12.3 The dimmest of all. Furthest out.
24	HD 75646	TYC 1946-02159-1	STTA 96	Cnc	08 52.0	+25 43	[7.3, 7.7, 8.5]	50.0	3,󰥮9cm,45x,spring(1)<NEWLINE>AB (Optical), PA: 312, Sep: 50.0<SECS>, Mag: 7.7/8.5 Sparse field. Colourful. Bright primary SE, secondary NW. Lovely. A great system. Yellow-blue.<NEWLINE>AC (Uncertain), PA: 267, Sep: 35.6<SECS>, Mag: 7.7/10.7 C is red. Very dim. W of A. At apex of right-angle bend, so B due north of C and A due east.
25	HD 73668	TYC 0223-01420-1	STF1255	Hya	08 39.7	+05 46	[7.0, 7.3, 8.6]	71.5	3,󰥮9cm,45x,spring(1)<NEWLINE>AB (Physical), PA: 30, Sep: 26.0<SECS>, Mag: 7.3/8.6 Near ε and ζ. Faint pair. Easy split at 62x. Yellow and orange. NE.<NEWLINE>BD (optical), PA: 22, Sep: 71.5<SECS>, Mag: 8.6/12.6 Additional companion needs a bigger aperture. Beyond B star.
26	Tau 1 Hya	31 Hya, Ukdah I	HJ 1167	Hya	09 29.2	-02 46	[4.5, 4.6, 7.3]	67.5	2,󰥮9cm,25x,spring(1)<NEWLINE>AB (Physical), PA: 4, Sep: 67.5<SECS>, Mag: 4.6/7.3 Pleasing warm yellow main star and pale orange companion. Widely separated at 110x.
27	HR 3963	HD 87344, SHJ 110	BU 1072	Hya	10 04.0	-18 06	[5.8, 6.2, 12.1]	21.2	3,󰥮9cm,70x,spring(1)<NEWLINE>AB (Optical), PA: 53, Sep: 12.7<SECS>, Mag: 6.2/12.1 <SECS>HR 3963 fun starhop from Alphard.<SECS> Will need larger aperture for B star. East of the primary<NEWLINE>AC (Optical), PA: 273, Sep: 21.2<SECS>, Mag: 6.2/7.0 Wide pair at 48x. Blue or blue-white and orange. Faint. Oriented to the W.
28	HR 4363	HD 97855	STF1520	UMa	11 16.1	+52 46	[6.2, 6.5, 7.8]	12.4	2,󰥮9cm,70x,spring(1)<NEWLINE>AB (Physical), PA: 344, Sep: 12.4<SECS>, Mag: 6.5/7.8 Slightly unequal intensities. Nice. Medium tight. Secondary orange and main yellow.
29	HD 100054	TYC 3831-00765-1	STF1544	UMa	11 31.3	+59 42	[6.8, 7.3, 8.0]	12.2	2,󰥮9cm,70x,spring(1)<NEWLINE>AB (Uncertain), PA: 91, Sep: 12.2<SECS>, Mag: 7.3/8.0 Wide pair. Easy in big 'scope. Yellow and pale blue. Very similar brightness, B very slightly dimmer.
30	83 Leo	HR 4414	STF1540	Leo	11 26.7	+03 01	[6.2, 6.6, 7.5]	205.2	3,󰥮9cm,45x,spring(1)<NEWLINE>AB (Binary), PA: 150, Sep: 28.4<SECS>, Mag: 6.6/7.5 Bright stars. B SE. Easy split, tighter than Tau AB. West of Tau Leo. Both yellow. Two in the view.<NEWLINE>AC (Optical), PA: 191, Sep: 205.2<SECS>, Mag: 6.6/11.1 Faint and well away, 10x. To the S.
31	Tau Leo	84 Leo	STFA 19	Leo	11 27.9	+02 51	[5.0, 5.1, 7.5]	761.2	3,󰥮10cm,25x,spring(1)<NEWLINE>AB (Optical), PA: 182, Sep: 88.5<SECS>, Mag: 5.1/7.5 Neat system. A yellow-white, B blue, much dimmer. South. Wide. Beside 83 Leo. Two in the view.<NEWLINE>AD (Optical), PA: 92, Sep: 761.2<SECS>, Mag: 5.1/9.5 D, far afield east, very wide. Brighter than B! About 90° from AB angle. White, maybe blue white.
32	HD 105590	TYC 5522-01685-1	STF1604	Crv	12 09.5	-11 51	[6.8, 6.9, 10.0]	10.5	3,󰥮10cm,70x,spring(2)<NEWLINE>AB (Physical), PA: 88, Sep: 9.0<SECS>, Mag: 6.9/10.0 Very cool. Tight. Equilateral triangle. B faint. Fantastic colours at 217x! Yellow and red. Sparse field.<NEWLINE>AC (Optical), PA: 3, Sep: 10.5<SECS>, Mag: 6.9/8.1 C, aka SAO 157112, is brighter than B. To the N. Fantastic colours again, A yellow; C blue.
33	Algorab	Delta Crv, 7 Crv	SHJ 145	Crv	12 29.9	-16 31	[3.0, 3.0, 8.5]	24.0	2,󰥮10cm,50x,spring(2)<NEWLINE>AB (Uncertain), PA: 215, Sep: 24.0<SECS>, Mag: 3.0/8.5 Contrasting brightness. Wide. Pretty at low power. Main is white or pale yellow. Companion: white.
34	HD 109556	TYC 5530-02065-1	STF1659	Crv	12 35.7	-12 01	[7.3, 7.9, 8.3]	209.4	6,󰥮10cm,40x,spring(2)<NEWLINE>AB (Physical), PA: 351, Sep: 28.1<SECS>, Mag: 7.9/8.3 Lots going on! A triad shape, close faint pair in the middle. A is to the south. Slightly warmer colour.<NEWLINE>AC (Uncertain), PA: 69, Sep: 43.8<SECS>, Mag: 7.9/10.9 Extremely faint, spotted at 139x. Right angle to A and B. Blue-white. Near HD 109875.<NEWLINE>AD (Optical), PA: 32, Sep: 189.8<SECS>, Mag: 7.9/9.9 D was very faint to the NE. Further out from A than E. Blue-white.<NEWLINE>AE (Optical), PA: 275, Sep: 151.2<SECS>, Mag: 7.9/6.8 West (opposite C, a right-angle again). Fairly bright. Tiny bit closer to A than the D star. Blue-white.<NEWLINE>AF (Optical), PA: 139, Sep: 209.4<SECS>, Mag: 7.9/6.6 F brightest of all the members, to the SE. Slightly further from A than D. Blue-white.
35	2 CVn	HR 4666	STF1622	CVn	12 16.1	+40 40	[5.8, 5.9, 8.7]	12.1	2,󰥮9cm,70x,spring(2)<NEWLINE>AB (Optical), PA: 260, Sep: 12.1<SECS>, Mag: 5.9/8.7 Colourful pair. Orange and blue. Pleasingly close at 78x. Lovely.
36	Cor Caroli	Alpha 2 CVn, 12 CVn	STF1692	CVn	12 56.0	+38 19	[2.8, 2.9, 5.5]	19.5	2,󰥮9cm,70x,spring(2)<NEWLINE>AB (Physical), PA: 230, Sep: 19.5<SECS>, Mag: 2.9/5.5 Main very white blue, partner pale yellow green? Fairly close. Easy to separate at 40x Nice at 48x!
37	HR 4698	HD 107398	STF1633	Com	12 20.7	+27 03	[6.3, 7.0, 7.1]	8.9	2,󰥮9cm,100x,spring(2)<NEWLINE>AB (Uncertain), PA: 245, Sep: 8.9<SECS>, Mag: 7.0/7.1 Not far from open cluster Collinder 256. WSW. Pale yellow, both.
38	12 Com	HR 4707	SHJ 143	Com	12 22.5	+25 51	[4.9, 4.9, 11.8]	213.1	4,󰥮10cm,25x,spring(2)<NEWLINE>AB (Optical), PA: 57, Sep: 36.7<SECS>, Mag: 4.9/11.8 Fainter than the eastern triangle stars including TYC 1989-0807 1. Shown as single star in PSA.<NEWLINE>AC (Physical), PA: 168, Sep: 59.0<SECS>, Mag: 4.9/8.9 To the S. Wide pair, about double AB. Yellow and orange. Within open cluster Collinder 256.<NEWLINE>AD (Optical), PA: 132, Sep: 213.1<SECS>, Mag: 4.9/10.1 A star further along, more to the east, making a hockey stick with A and C, same brightness as C.
39	24 Com	HR 4792	STF1657	Com	12 35.1	+18 23	[4.8, 5.1, 6.3]	20.2	2,󰥮9cm,70x,spring(2)<NEWLINE>AB (Physical), PA: 272, Sep: 20.2<SECS>, Mag: 5.1/6.3 A nice wide colourful double. Yellow is the primary and white-blue is the secondary.
40	HD 110932	TYC 0881-00563-1	STF1678	Com	12 45.4	+14 22	[6.7, 7.2, 7.7]	37.5	2,󰥮9cm,45x,spring(2)<NEWLINE>AB (Optical), PA: 170, Sep: 37.5<SECS>, Mag: 7.2/7.7 Nearly equal stars. Maybe orange. And white or yellow. Nice. Quite wide at 48x but attractive.
41	32 Com	HR 4884	STFA 23	Com	12 52.2	+17 04	[6.0, 6.5, 7.0]	905.1	3,󰥮9cm,25x,spring(2)<NEWLINE>AB (Optical), PA: 51, Sep: 196.3<SECS>, Mag: 6.5/7.0 Extremely wide at medium power. 32-33 Com. Orange and blue. To the NE.<NEWLINE>AC (Optical), PA: 262, Sep: 905.1<SECS>, Mag: 6.5/9.0 C star is dim grey or yellow. A and C might be opposite edges of field of view at very low power!
42	HD 112278	TYC 0885-01206-1	STF1689	Vir	12 55.5	+11 30	[6.9, 7.1, 9.1]	30.2	2,󰥮10cm,50x,spring(2)<NEWLINE>AB (Optical), PA: 223, Sep: 30.2<SECS>, Mag: 7.1/9.1 In a hook shape of stars. Tight pair. Yellow-white  and orange-red. Challenging. Near NGC 4762.
43	Asellus Tertius	Kappa 2 Boo, 17 Boo	STF1821	Boo	14 13.5	+51 47	[4.4, 4.5, 6.6]	13.7	2,󰥮9cm,100x,spring(2)<NEWLINE>AB (Physical), PA: 236, Sep: 13.7<SECS>, Mag: 4.5/6.6 Beside iota Boo. Two in the view. Nice double. Pale yellow and very pale blue?
44	Iota Boo	Asellus Secundus, 21 Boo	STFA 26	Boo	14 16.2	+51 22	[4.7, 4.8, 7.4]	38.9	2,󰥮9cm,45x,spring(2)<NEWLINE>AB (Physical), PA: 33, Sep: 38.9<SECS>, Mag: 4.8/7.4 Beside kappa Boo. Two in the view. Main pale yellow; companion medium pale orange.
45	Delta Boo	49 Boo, Thiba	STFA 27	Boo	15 15.5	+33 19	[3.6, 3.6, 7.9]	105.0	2,󰥮10cm,25x,spring(2)<NEWLINE>AB (Physical), PA: 78, Sep: 105.0<SECS>, Mag: 3.6/7.9 Yellow and pale blue-green. Wide. Easy at 48x. ENE.
46	Alkalurops	Mu 1 Boo, 51 Boo	STFA 28	Boo	15 24.5	+37 23	[4.2, 4.3, 7.1]	109.0	3,󰥮9cm,25x,spring(2)<NEWLINE>AB (Physical), PA: 172, Sep: 109.0<SECS>, Mag: 4.3/7.1 At 54x, a wide pair. Primary pale yellow or white. Companion quite dim. White? South.<NEWLINE>Ba,Bb (Binary), PA: 4, Sep: 2.3<SECS>, Mag: 7.1/7.6 Split at 145x. Both white. Angle of tight pair almost same A and the pair.
47	HR 5397	HD 126367, BU 225	SHJ 179	Lib	14 25.5	-19 58	[6.1, 6.6, 7.2]	35.0	3,󰥮10cm,25x,spring(2)<NEWLINE>AB (Physical), PA: 296, Sep: 35.0<SECS>, Mag: 6.6/7.2 NW. Nice. Nearly equal brightness. White or yellow and orange. Surrounded by doubles.<NEWLINE>BC (Physical), PA: 91, Sep: 1.2<SECS>, Mag: 7.2/8.4 Very tight. Large aperture and good seeing needed. C east of B.
48	Zuben Elgenubi	Alpha 2 Lib, 9 Lib	SHJ 186	Lib	14 50.9	-16 03	[2.6, 2.7, 5.2]	275.6	3,󰥮3.5cm,7x,spring(2)<NEWLINE>AB (Physical), PA: 314, Sep: 231.1<SECS>, Mag: 2.7/5.2 Use binoculars! Extremely wide. White, bright; pale orange. NW.<NEWLINE>AC (Uncertain), PA: 291, Sep: 275.6<SECS>, Mag: 2.7/12.5 Even further away but so dim a telescope is needed. WNW.
49	HR 5816	HD 139461	STF1962	Lib	15 38.7	-08 47	[5.7, 6.4, 6.5]	11.7	2,󰥮9cm,70x,spring(2)<NEWLINE>AB (Physical), PA: 190, Sep: 11.7<SECS>, Mag: 6.4/6.5 A nice pair in a 100mm at 55x. Pleasing, tight. Equally bright. Identical in colour: pale yellow.
50	HD 139691	TYC 2577-01756-1	HU 1167	CrB	15 38.2	+36 15	[7.3, 8.1, 9.9]	15.1	4,󰥮10cm,70x,spring(2)<NEWLINE>AB (Binary), PA: 81, Sep: 1.2<SECS>, Mag: 8.1/9.9 Requires aperture greater than 90mm. Near Zeta 1 and 2 Coronae Borealis. E of A.<NEWLINE>AC (Physical), PA: 90, Sep: 14.5<SECS>, Mag: 8.1/8.1 Wide, equal brightness. Orange and blue. C is due E of A. Fainter than zeta CrB.<NEWLINE>AD (Physical), PA: 84, Sep: 15.1<SECS>, Mag: 8.1/9.0 Dim. C and D are inline and are very close to each other. Likely merged together.
51	HR 6043	HD 145802	STT 305	CrB	16 11.7	+33 21	[6.4, 6.4, 10.2]	5.7	2,󰥮9cm,100x,spring(2)<NEWLINE>AB (Physical), PA: 263, Sep: 5.7<SECS>, Mag: 6.4/10.2 B medium-bright star immediately west, very close, almost touching primary! Beige and pale blue.
52	Sigma CrB	17 CrB, TZ Crb	STF2032	CrB	16 14.7	+33 51	[5.2, 5.6, 6.5]	634.8	4,󰥮15cm,100x,spring(2)<NEWLINE>AB (Binary), PA: 239, Sep: 7.3<SECS>, Mag: 5.6/6.5 Nice double star. Similar magnitudes. Pretty tight. White; pale orange. Oriented NE to SW.<NEWLINE>AD (Optical), PA: 82, Sep: 93.5<SECS>, Mag: 5.6/10.8 Faint. Very wide. Nearly due E of A.<NEWLINE>AE (Physical), PA: 241, Sep: 634.8<SECS>, Mag: 5.6/12.3 Dimmer. Extraordinarily wide. To the SW, beyond B.
53	HD 144564	TYC 0957-00526-1	STF2007	Ser (Cap)	16 06.0	+13 19	[6.6, 6.9, 8.0]	162.7	3,󰥮9cm,70x,spring(3)<NEWLINE>AB (Optical), PA: 322, Sep: 37.5<SECS>, Mag: 6.9/8.0 Colourful stars. A is yellow with a hint orange while B is white. B is NW. Nice triple. Interesting field.<NEWLINE>AC (Optical), PA: 137, Sep: 162.7<SECS>, Mag: 6.9/10.8 Wide pair, easily separated. Opposite B. The C attendant is in an arc of stars. Serpens Caput.
54	Xi Sco	Grafias, HR 5978	STF1998	Sco	16 04.4	-11 22	[5.1, 5.2, 4.9]	7.5	3,󰥮9cm,100x,summer(1)<NEWLINE>AB (Binary), PA: 9, Sep: 1.1<SECS>, Mag: 5.2/4.9 Grafias. Very low through high power. AB is super-tight. Pale gold both. Big 'scope and 200x?<NEWLINE>AC (Binary), PA: 43, Sep: 7.5<SECS>, Mag: 5.2/7.3 Colourful stars. NE of A. Bright stars. C is easy split, at low power. C is orange.
55	Theta 1 Ser	Alya, 63 Ser	STF2417	Ser (Cau)	18 56.2	+04 12	[4.0, 4.6, 4.9]	421.0	3,󰥮9cm,45x,summer(1)<NEWLINE>AB (Physical), PA: 104, Sep: 22.5<SECS>, Mag: 4.6/4.9 aka Alya. Identical stars, like eyes. Tight. A nice double, white stars. Serpens Cauda. ESE.<NEWLINE>AC (Optical), PA: 58, Sep: 421.0<SECS>, Mag: 4.6/6.8 Slightly fainter but much further out. NE. White and yellow.
56	Rasalgethi	Alpha 1 Her, 64 Her	STF2140	Her	17 14.6	+14 23	[3.3, 3.5, 5.4]	79.2	3,󰥮10cm,150x,summer(1)<NEWLINE>AB (Binary), PA: 103, Sep: 4.6<SECS>, Mag: 3.5/5.4 Lovely. A brilliant shimmering orange star with pale blue companion. Relatively tight at 217x.<NEWLINE>AD (Optical), PA: 39, Sep: 79.2<SECS>, Mag: 3.5/11.1 D obvious in good conditions. To the NE. White. Comparatively far away.
57	100 Her	HR 6781	STF2280	Her	18 07.8	+26 06	[5.0, 5.8, 5.8]	79.9	3,󰥮9cm,45x,summer(1)<NEWLINE>AB (Optical), PA: 183, Sep: 14.3<SECS>, Mag: 5.8/5.8 A and B are Identical. Exact same brightness and colour. Both white. South.<NEWLINE>AC (Uncertain), PA: 127, Sep: 79.9<SECS>, Mag: 5.9/11.8 Dim, to the SE, and about 5 times the AB separation.
58	17 Dra	HR 6185	STF2078	Dra	16 36.2	+52 55	[5.0, 5.4, 6.4]	123.9	4,󰥮15cm,140x,summer(1)<NEWLINE>AB (Physical), PA: 104, Sep: 3.3<SECS>, Mag: 5.4/6.4 Very tight. Switch from low power to high power. ESE. Both white.<NEWLINE>AC (Physical), PA: 193, Sep: 90.0<SECS>, Mag: 5.4/5.5 16 and 17 Draconis might well be a binocular target. Similar colours and brightness. Nice. South.<NEWLINE>CD (Optical), PA: 123, Sep: 123.9<SECS>, Mag: 5.5/11.2 Possible beyond the light grasp of binoculars or a small telescope. To the SE.
59	Kuma	Nu 2 Dra, 25 Dra	STFA 35	Dra	17 32.3	+55 10	[4.1, 4.9, 4.9]	62.1	2,󰥮9cm,25x,summer(1)<NEWLINE>AB (Physical), PA: 311, Sep: 62.1<SECS>, Mag: 4.9/4.9 aka Dragon's Eyes. Wide. Same brightness. One is white; the other a hint of yellow. Very good.
60	Dsiban	Psi 1 Dra, 31 Dra	STF2241	Dra	17 41.9	+72 09	[4.2, 4.6, 5.6]	78.1	3,󰥮9cm,45x,summer(1)<NEWLINE>AB (Binary), PA: 17, Sep: 30.1<SECS>, Mag: 4.6/5.6 Wide pair. Surprisingly. Main bright yellow; companion dark yellow or yellow with a hint of orange.<NEWLINE>AC (Optical), PA: 107, Sep: 78.1<SECS>, Mag: 4.6/11.1 Dim and twice the separation. Right angle. C is nearly due E of A.
61	41 Dra	HR 6810	STF2308	Dra	18 00.2	+80 00	[5.1, 5.7, 6.0]	224.8	3,󰥮9cm,70x,summer(1)<NEWLINE>AB (Binary), PA: 232, Sep: 18.8<SECS>, Mag: 5.7/6.0 Nice. Wide. Nearly equal colour and brightness. Not very colourful...  SW.<NEWLINE>AC (Optical), PA: 129, Sep: 224.8<SECS>, Mag: 5.7/8.3 Wide pair, C is to the SE. Surprisingly close to Ursa Minor.
62	HR 7083	HD 174208	H 6  50	Sct	18 49.7	-05 55	[6.0, 6.2, 12.5]	111.8	3,󰥮10cm,25x,summer(1)<NEWLINE>AB (Uncertain), PA: 358, Sep: 24.8<SECS>, Mag: 6.2/12.5 Dim close-in companion. Due N. Beside Wild Duck Cluster.<NEWLINE>AC (Optical), PA: 171, Sep: 111.8<SECS>, Mag: 6.2/8.2 The stars looked yellow and blue. Wide. S.
63	Epsilon 1 Lyr	Double Double, 4 Lyr	STF2382	Lyr	18 44.3	+39 40	[3.9, 5.2, 6.1]	209.5	7,󰥮15cm,140x,summer(1)<NEWLINE>AB (Binary), PA: 345, Sep: 2.3<SECS>, Mag: 5.2/6.1 Tight pair to the north. This pair is the same colour, white.<NEWLINE>AB,CD (Physical), PA: 172, Sep: 209.5<SECS>, Mag: 4.7/4.6 The Double Double. Tim Horton Star! :-) Easy in binoculars. Can you see naked eye?! White.<NEWLINE>CD (binary), PA: 74, Sep: 2.4<SECS>, Mag: 5.3/5.4 Tight pair to the south. Slightly different colours. Subtle. 90° angle to AB alignment.<NEWLINE>AI (Optical), PA: 137, Sep: 149.5<SECS>, Mag: 5.2/10.1 Faint. Bright, east of F. Easily seen at 226x. Pale yellow.<NEWLINE>CF (Uncertain), PA: 0, Sep: 93.3<SECS>, Mag: 4.6/12.7 Very faint. Between AB and CD. Closer to AB and eastward. Use averted. Pale yellow.<NEWLINE>CE (Optical), PA: 334, Sep: 63.2<SECS>, Mag: 5.3/12.3 Very faint. Between AB and CD. Westward. Brighter than F. Pale yellow.
64	Sheliak	Beta Lyr, 10 Lyr	STFA 39	Lyr	18 50.1	+33 22	[3.5, 3.6, 6.7]	86.0	4,󰥮9cm,45x,summer(1)<NEWLINE>AB (Uncertain), PA: 149, Sep: 45.7<SECS>, Mag: 3.6/6.7 Close at 17x but wide at 71x. Primary brilliant white with hint of yellow. Secondary looks green.<NEWLINE>AE (Optical), PA: 317, Sep: 67.2<SECS>, Mag: 3.6/10.1 No trouble at 78x. Blue-white? To the NW.<NEWLINE>AF (Uncertain), PA: 18, Sep: 86.0<SECS>, Mag: 3.6/10.6 Blue-white? To the NE. This whole multi-star system is not far from the Ring Nebula.
65	HR 7140	HD 175635	STT 525	Lyr	18 54.9	+33 58	[5.9, 6.1, 9.1]	214.8	4,󰥮9cm,45x,summer(1)<NEWLINE>AB (Uncertain), PA: 130, Sep: 1.8<SECS>, Mag: 6.1/9.1 Very faint companion very close to the primary. Visible in large 'scope. Orange or yellow.<NEWLINE>AC (Physical), PA: 350, Sep: 45.4<SECS>, Mag: 6.1/7.6 Nice wide double. Classic colours: pale yellow and pale blue. Near the Ring Nebula. To the N.<NEWLINE>AD (Optical), PA: 295, Sep: 214.8<SECS>, Mag: 6.1/11.0 Very faint and far from primary. To the NW.
66	HR 7099	HD 174569	STF2404	Aql	18 50.8	+10 59	[6.5, 6.9, 7.8]	3.5	2,󰥮15cm,140x,summer(1)<NEWLINE>AB (Uncertain), PA: 182, Sep: 3.5<SECS>, Mag: 6.9/7.8 Pretty. South. Yellow and orange at lower power. Interesting. Near open cluster NGC 6709.
67	15 Aql	h Aql, HR 7225	SHJ 286	Aql	19 05.0	-04 02	[5.3, 5.5, 7.0]	39.6	2,󰥮9cm,45x,summer(1)<NEWLINE>AB (Optical), PA: 211, Sep: 39.6<SECS>, Mag: 5.5/7.0 Very interesting pair. Hard to get colours. Bright one seemed a dark yellow; companion looks red.
68	57 Aql	HR 7593	STF2594	Aql	19 54.6	-08 14	[5.2, 5.7, 6.4]	35.7	2,󰥮9cm,45x,summer(1)<NEWLINE>AB (Physical), PA: 171, Sep: 35.7<SECS>, Mag: 5.7/6.4 Nice pair. Almost equal in magnitude. The brighter one is a pale blue; fainter star is pale yellow.
69	HR 7294	HD 179958	STF2486	Cyg	19 12.1	+49 52	[5.8, 6.5, 6.7]	196.0	3,󰥮9cm,100x,summer(2)<NEWLINE>AB (Binary), PA: 204, Sep: 7.1<SECS>, Mag: 6.5/6.7 Two gold stars, equally coloured, equally bright. Easily split at 145x. Beside triple HR 7311.<NEWLINE>AD (Optical), PA: 104, Sep: 196.0<SECS>, Mag: 6.5/11.1 Very faint. Far away to the SE. May be referred to as HD 179957 and HR 7293.
70	HR 7529	HD 186901	STF2578	Cyg	19 45.7	+36 05	[5.9, 6.4, 7.0]	144.5	5,󰥮9cm,70x,summer(2)<NEWLINE>AB (Optical), PA: 125, Sep: 14.9<SECS>, Mag: 6.4/7.0 Nearly equal. White and orange. Almost east-west. Lots of faint stars. Attractive at 48x.<NEWLINE>AC (Uncertain), PA: 356, Sep: 44.3<SECS>, Mag: 6.4/12.5 The C and D stars popped at 226x. C to the north.<NEWLINE>AD (Uncertain), PA: 70, Sep: 95.0<SECS>, Mag: 6.4/12.4 The C and D stars popped at 226x. D to the NE.<NEWLINE>AF (Optical), PA: 251, Sep: 144.5<SECS>, Mag: 6.4/9.2 The curious star to the far west.
71	U Cyg	HD 193700	BLL 49	Cyg	20 19.7	+47 54	[7.6, 8.0, 9.0]	65.4	2,󰥮9cm,45x,summer(2)<NEWLINE>AB (Optical), PA: 231, Sep: 65.4<SECS>, Mag: 8.0/9.0 The A star is highly variable, may be dimmer than B. Pale orange and red. SW.
72	61 Cyg	V1803 Cyg	STF2758	Cyg	21 07.0	+38 46	[4.8, 5.2, 6.1]	839.8	12,󰥮9cm,45x,summer(2)<NEWLINE>AB (Binary), PA: 153, Sep: 31.8<SECS>, Mag: 5.2/6.1 Close. SE. Both light gold. Almost equal brightness. B is slightly fainter than A. Pretty system.<NEWLINE>AC (Optical), PA: 219, Sep: 839.8<SECS>, Mag: 5.4/10.2 Ay carumba! Very wide. To the SW. Rich field. Surrounded by many faint stars.<NEWLINE>AD (Optical), PA: 250, Sep: 748.0<SECS>, Mag: 5.4/10.5 Use a detailed atlas or powerful software to identify field stars from official companions. Very wide.<NEWLINE>AE (Optical), PA: 267, Sep: 340.8<SECS>, Mag: 5.4/9.6 Use atlas or software to identify field stars from official companions. Very wide. Due W.<NEWLINE>AF (Optical), PA: 240, Sep: 371.2<SECS>, Mag: 5.4/11.3 Use atlas or software to identify field stars from official companions. Very wide. SW.<NEWLINE>AG (Optical), PA: 236, Sep: 260.4<SECS>, Mag: 5.4/11.3 Use atlas or software to identify field stars from official companions. Very wide. SW.<NEWLINE>AH (Optical), PA: 268, Sep: 117.5<SECS>, Mag: 5.4/10.0 Use atlas or software to identify field stars from official companions. Wide. W.<NEWLINE>AI (Optical), PA: 239, Sep: 28.3<SECS>, Mag: 5.4/10.7 Use atlas or software to identify field stars from official companions. Close. SW.<NEWLINE>AJ (Uncertain), PA: 241, Sep: 17.5<SECS>, Mag: 2.3/12.4 Use atlas or software to identify field stars from official companions. Tight. Faint. SW.<NEWLINE>AO (Optical), PA: 281, Sep: 163.4<SECS>, Mag: 5.4/12.7 Use atlas or software to identify field stars from official companions. Wide. Faint. W.<NEWLINE>AP (Optical), PA: 285, Sep: 159.6<SECS>, Mag: 5.4/12.8 Use atlas or software to identify field stars from official companions. Wide. Faint. W.
73	HD 200392	TYC 1660-00673-1	BU 69	Vul	21 02.6	+21 41	[7.4, 8.4, 8.0]	74.6	2,󰥮10cm,25x,summer(2)<NEWLINE>AC (Uncertain), PA: 241, Sep: 74.6<SECS>, Mag: 8.4/8.0 In a hockey stick, in the blade. Main was a touch brighter than B. Wide. WSW. White and orange.
74	HR 8101	HD 201671	STF2769	Vul	21 10.5	+22 27	[6.2, 6.7, 7.4]	18.2	2,󰥮9cm,45x,summer(2)<NEWLINE>AB (Physical), PA: 300, Sep: 18.2<SECS>, Mag: 6.7/7.4 Obvious. Bright star yellow. B blue? Nearly equal brightness. Oriented nearly perfectly east-west.
75	HD 183014	TYC 1612-00787-1	STF2523	Vul	19 26.8	+21 10	[7.3, 8.0, 8.1]	250.8	4,󰥮10cm,50x,summer(2)<NEWLINE>AB (Physical), PA: 148, Sep: 6.4<SECS>, Mag: 8.0/8.1 Nearly equal. Part of a triangle, at north apex. Very tight, blue-white stars. Near Coathanger.<NEWLINE>AC (Uncertain), PA: 147, Sep: 250.8<SECS>, Mag: 8.0/7.2 Very wide. SE. Similar brightness to AB.<NEWLINE>CD (Uncertain), PA: 139, Sep: 10.5<SECS>, Mag: 7.2/12.8 Fantastic. Unequal stars in brightness and colour. White and orange. Classic! Near HLM 23.
76	V340 Sge	HR 7475	H N 84	Sge	19 39.4	+16 34	[6.3, 6.4, 9.5]	28.4	2,󰥮10cm,50x,summer(2)<NEWLINE>AB (Uncertain), PA: 301, Sep: 28.4<SECS>, Mag: 6.4/9.5 WNW. Wide at 55x. Orange and blue. Or green? Unequal. Interesting. Near epsilon Sge.
77	Theta Sge	17 Sge	STF2637	Sge	20 09.9	+20 55	[6.2, 6.6, 8.9]	172.8	4,󰥮10cm,70x,summer(2)<NEWLINE>AB (Physical), PA: 332, Sep: 11.6<SECS>, Mag: 6.6/8.9 NNW. Tight. Primary yellow-white, partner orange-yellow. Interesting. Low and high power.<NEWLINE>AC (Optical), PA: 222, Sep: 91.3<SECS>, Mag: 6.6/7.5 C is yellow with a touch of orange. To the SW!<NEWLINE>AD (Optical), PA: 226, Sep: 172.8<SECS>, Mag: 6.6/11.9 Harder. Grey? D is beyond C. Surrounded by other doubles.
78	HR 8281	HD 206267, STF 2816	STF2816	Cep	21 39.0	+57 29	[5.5, 5.7, 7.5]	20.6	3,󰥮9cm,70x,summer(2)<NEWLINE>AC (Physical), PA: 121, Sep: 11.8<SECS>, Mag: 5.7/7.5 Within open cluster IC 1396. In Elephant Trunk. Wow! White-yellow; companion SW yellow-orange.<NEWLINE>AD (Physical), PA: 339, Sep: 20.6<SECS>, Mag: 5.7/7.5 The companion to the north, D, the bright one, slightly further, is dull yellow.
79	HR 8357	HD 208095	STF2840	Cep	21 52.0	+55 48	[5.2, 5.6, 6.4]	18.1	2,󰥮9cm,45x,summer(2)<NEWLINE>AB (Optical), PA: 197, Sep: 18.1<SECS>, Mag: 5.6/6.4 SSW. Nearly equal brightness stars, whitish in colour. Near some close colourful stars.
80	Alkurhah	Xi Cep, 17 Cep, Kurhah	STF2863	Cep	22 03.8	+64 38	[4.3, 4.5, 6.4]	109.5	3,󰥮9cm,70x,summer(2)<NEWLINE>AB (Binary), PA: 274, Sep: 8.4<SECS>, Mag: 4.5/6.4 Tight. Main is light yellow. At low power partner looks blue. Pretty, near a loose gaggle of stars.<NEWLINE>AC (Optical), PA: 206, Sep: 109.5<SECS>, Mag: 4.5/12.6 Very faint start to the south-west, well away.
81	Delta Cep	27 Cep	STFA 58	Cep	22 29.2	+58 25	[4.0, 4.2, 6.1]	41.0	2,󰥮9cm,45x,summer(2)<NEWLINE>AC (Physical), PA: 191, Sep: 41.0<SECS>, Mag: 4.2/6.1 S. Very wide pair, wide even at 36x. Yellow and blue. Assess variable brightness while here.
82	Kappa Cep	1 Cep, Al Aghnam I	STF2675	Cep	20 08.9	+77 43	[4.4, 4.4, 8.3]	170.2	3,󰥮15cm,140x,summer(2)<NEWLINE>AB (Physical), PA: 120, Sep: 7.3<SECS>, Mag: 4.4/8.3 ESE. White and orange. Many magnitudes different. Very close together. A neat system!<NEWLINE>AC (Optical), PA: 334, Sep: 170.2<SECS>, Mag: 4.4/10.3 The C star is dimmer and to the north-west. Bluish.
83	Alpha 1 Cap	Al Giedi, Prima Giedi, 5	HJ  607	Cap	20 17.6	-12 31	[4.2, 4.2, 9.6]	46.9	2,󰥮10cm,25x,summer(2)<NEWLINE>AC (Optical), PA: 222, Sep: 46.9<SECS>, Mag: 4.2/9.6 C is south-west. Yellow-blue. Do not get distracted by binocular double with alpha 2.
84	Dabih	Beta Cap, 9 Cap	STFA 52	Cap	20 21.0	-14 47	[3.0, 3.2, 6.1]	226.1	3,󰥮3.5cm,7x,summer(2)<NEWLINE>AB (Physical), PA: 267, Sep: 205.4<SECS>, Mag: 3.2/6.1 Use binoculars! Very wide. Bright yellow and bright blue stars. To the W.<NEWLINE>AC (Physical), PA: 133, Sep: 226.1<SECS>, Mag: 3.2/8.8 Flanking. SE. Dark blue. They form an isosceles triangle.
85	Omicron Cap	12 Cap	SHJ 324	Cap	20 29.9	-18 35	[5.5, 5.9, 6.7]	21.9	2,󰥮9cm,45x,summer(2)<NEWLINE>AB (Physical), PA: 239, Sep: 21.9<SECS>, Mag: 5.9/6.7 Two equal pale blue white stars. WSW.
86	HD 196411	TYC 1100-01112-1	STF2703	Del	20 36.8	+14 44	[7.6, 8.4, 8.4]	84.7	4,󰥮10cm,40x,summer(2)<NEWLINE>AB (Uncertain), PA: 289, Sep: 25.0<SECS>, Mag: 8.4/8.4 NW. A and B are blue-ish. Equal brightness. Faint. Near multi-star system Rotanev.<NEWLINE>AC (Optical), PA: 234, Sep: 77.8<SECS>, Mag: 8.4/8.8 Blue-ish. C slightly fainter than A and B. South-west of B.<NEWLINE>AD (Uncertain), PA: 347, Sep: 84.7<SECS>, Mag: 8.4/12.8 Very faint. Flanking, to the north.
87	Gamma 2 Del	12 Del, Al Salib	STF2727	Del	20 46.7	+16 07	[3.9, 4.4, 5.0]	8.9	2,󰥮9cm,100x,summer(2)<NEWLINE>AB (binary), PA: 266, Sep: 8.9<SECS>, Mag: 4.4/5.0 Bright yellow gold pair of stars, fairly tight at 77x. West.
88	3 Peg	HR 8265	STFA 56	Peg	21 37.7	+06 37	[5.9, 6.2, 7.5]	38.8	2,󰥮9cm,45x,autumn(1)<NEWLINE>AB (Physical), PA: 348, Sep: 38.8<SECS>, Mag: 6.2/7.5 NNW. White and orange. Equal. Stunning. Near a faint double. Two in the view.
89	Epsilon Equ	1 Equ	STF2737	Equ	20 59.1	+04 18	[5.1, 5.3, 7.1]	10.6	2,󰥮9cm,70x,autumn(1)<NEWLINE>AC (Optical), PA: 67, Sep: 10.6<SECS>, Mag: 5.3/7.1 Easy in a large 'scope. C to the north-east. Bright yellow and light yellow. Hints of green?
90	8 Lac	HR 8603	STF2922	Lac	22 35.9	+39 38	[5.2, 5.7, 6.3]	335.2	6,󰥮9cm,45x,autumn(1)<NEWLINE>AB (Optical), PA: 186, Sep: 22.3<SECS>, Mag: 5.7/6.3 Both white? Or pale yellow? B to the south. Slightly dimmer than A. Near double HR 8588.<NEWLINE>AC (Uncertain), PA: 168, Sep: 48.8<SECS>, Mag: 5.7/10.4 C was further south of B, slightly east, much dimmer. Orange!<NEWLINE>AD (Uncertain), PA: 145, Sep: 81.6<SECS>, Mag: 5.7/9.1 D was brighter than C, south-east of B, and blue.<NEWLINE>AE (Optical), PA: 239, Sep: 335.2<SECS>, Mag: 5.7/7.3 E, well away to the SW, pale orange, dimmer than B.<NEWLINE>BF (Uncertain), PA: 175, Sep: 127.6<SECS>, Mag: 6.3/11.0 Dimmer still. And well away from B, same direction, but not as far as E.
91	10 Lac	HR 8622	S 813	Lac	22 39.3	+39 03	[4.8, 4.8, 10.3]	62.6	2,󰥮10cm,25x,autumn(1)<NEWLINE>AB (Optical), PA: 47, Sep: 62.6<SECS>, Mag: 4.8/10.3 Bright star, blue-white. B might look purple!? B much fainter. Cool! Shown as single star in PSA.
92	WZ Cas	HD 224855	STTA254	Cas	00 01.3	+60 21	[7.0, 7.4, 8.3]	181.4	4,󰥮10cm,25x,autumn(1)<NEWLINE>AB (Uncertain), PA: 89, Sep: 57.8<SECS>, Mag: 7.4/8.3 Incredible. Wide. A, orange, B, blue. In a rich field. May not be obvious. Due E.<NEWLINE>AC (Uncertain), PA: 324, Sep: 155.4<SECS>, Mag: 7.4/9.6 Forms a spire. Well away to the north-west. Fainter.<NEWLINE>AD (Optical), PA: 118, Sep: 181.4<SECS>, Mag: 7.4/10.4 Opposite C from the B star. Fainter still.
93	HR 9094	HD 225009	STF3053	Cas	00 02.6	+66 06	[5.7, 6.0, 7.2]	98.5	3,󰥮9cm,70x,autumn(1)<NEWLINE>AB (Optical), PA: 70, Sep: 15.0<SECS>, Mag: 6.0/7.2 A little Albireo. Lovely light gold primary and a wide blue companion. Almost equal brightness. E.<NEWLINE>AC (Uncertain), PA: 291, Sep: 98.5<SECS>, Mag: 6.0/11.0 Much fainter and much further away. To the NW.
94	Achird	Eta Cas, 24 Cas	STF 60	Cas	00 49.1	+57 49	[3.5, 3.5, 7.4]	701.1	10,󰥮10cm,100x,autumn(1)<NEWLINE>AB (binary), PA: 326, Sep: 13.4<SECS>, Mag: 3.5/7.4 Wow! Burnt yellow and dull orange. Close, to the NW.<NEWLINE>AC (Optical), PA: 260, Sep: 225.0<SECS>, Mag: 3.5/11.4 Faint and wide. Between B and G. Due W of A.<NEWLINE>AD (Optical), PA: 354, Sep: 189.4<SECS>, Mag: 3.5/12.8 D star to the N. Faint.<NEWLINE>AE (Optical), PA: 126, Sep: 75.6<SECS>, Mag: 3.5/10.2 E star to the south-east. Blue. In-line with A and B.<NEWLINE>AF (Optical), PA: 276, Sep: 378.3<SECS>, Mag: 3.5/11.5 To the west. Faint. Orange.<NEWLINE>AG (Optical), PA: 259, Sep: 419.7<SECS>, Mag: 3.5/9.5 G star to the west of A and south of F. White.<NEWLINE>AH (Optical), PA: 355, Sep: 701.1<SECS>, Mag: 3.5/8.4 H star far to the north.<NEWLINE>AI (Optical), PA: 73, Sep: 90.3<SECS>, Mag: 3.5/11.6 Faint and wide. NE.<NEWLINE>AJ (Uncertain), PA: 262, Sep: 237.1<SECS>, Mag: 3.5/12.3 Faint and wide.
95	Pi And	29 And	H 5  17	And	00 36.9	+33 43	[4.3, 4.4, 7.1]	35.8	2,󰥮10cm,50x,autumn(1)<NEWLINE>AB (Physical), PA: 174, Sep: 35.8<SECS>, Mag: 4.4/7.1 Wide, easy, low power. Nice yellow and blue. B south. Faint 3rd star. Shown as single star in PSA.
96	56 And	HR 557	STFA  4	And	01 56.2	+37 15	[5.2, 5.8, 6.1]	204.4	4,󰥮5cm,10x,autumn(1)<NEWLINE>AB (Optical), PA: 298, Sep: 202.5<SECS>, Mag: 5.8/6.1 Equal in brightness. Citrus-orange and pale or straw-yellow. Binoculars? Near NGC 752.<NEWLINE>AC (Physical), PA: 79, Sep: 18.4<SECS>, Mag: 5.8/11.9 Faint. Much closer. East.<NEWLINE>BD (Optical), PA: 258, Sep: 204.4<SECS>, Mag: 6.1/9.8 Further out from B star. Nearly due W of B.
97	Almaak	Gamma 1, Almach, 57 And	STF 205	And	02 03.9	+42 20	[2.2, 2.3, 5.0]	9.4	2,󰥮9cm,100x,autumn(1)<NEWLINE>AB (Physical), PA: 63, Sep: 9.4<SECS>, Mag: 2.3/5.0 A close pair of yellow (A) and blue (BC) stars, like a miniature Albireo. Beautiful.
98	59 And	HR 628	STF 222	And	02 10.9	+39 02	[5.6, 6.1, 6.7]	16.5	2,󰥮9cm,70x,autumn(1)<NEWLINE>AB (Physical), PA: 36, Sep: 16.5<SECS>, Mag: 6.1/6.7 Wide pair. Yellow and blue. Wow. NE.
99	77 Psc	HR 313	STF 90	Psc	01 05.8	+04 54	[6.0, 6.4, 7.3]	32.7	2,󰥮9cm,45x,autumn(1)<NEWLINE>AB (Physical), PA: 84, Sep: 32.7<SECS>, Mag: 6.4/7.3 B is bright star to the east of A. Nearly the same magnitude. Wide. Yellow and pale yellow.
100	Zeta Psc	86 Psc, Revati	STF 100	Psc	01 13.7	+07 35	[4.9, 5.2, 6.3]	23.2	3,󰥮9cm,45x,autumn(2)<NEWLINE>AB (Physical), PA: 63, Sep: 23.2<SECS>, Mag: 5.2/6.3 ENE. Bright stars. The main is yellow. The companion is slightly redder.<NEWLINE>BC (Uncertain), PA: 75, Sep: 2.0<SECS>, Mag: 6.3/12.2 Very faint and very tight. E of B.
101	HD 3125	D 2	STF 39	Cet	00 34.5	-04 33	[6.9, 7.1, 8.7]	200.8	3,󰥮15cm,50x,autumn(2)<NEWLINE>AC (Physical), PA: 45, Sep: 20.1<SECS>, Mag: 7.1/8.7 Decent star hop from iota. White and orange. Very close! SW-NE. AB (WDS D 2) are <0.5<SECS>.<NEWLINE>AD (Optical), PA: 159, Sep: 200.8<SECS>, Mag: 7.1/10.0 Outlier. The D star was to the south-south-east. 10 times the AC sep. Slightly dimmer than C. Nice!
102	HD 9336	BD-19 262	HJ 2052	Cet	01 31.6	-19 01	[6.4, 6.9, 7.5]	80.8	2,󰥮9cm,45x,autumn(2)<NEWLINE>AB (Optical), PA: 114, Sep: 80.8<SECS>, Mag: 6.9/7.5 Equal. Wide. ESE. Yellow and blue.
103	Nu Cet	78 Cet	STF 281	Cet	02 35.9	+05 36	[5.0, 5.0, 9.1]	8.4	2,󰥮10cm,50x,autumn(2)<NEWLINE>AB (Physical), PA: 80, Sep: 8.4<SECS>, Mag: 5.0/9.1 Bright primary and delicate dim star. B is east. Pale yellow and white.
104	66 Cet	HR 650	STF 231	Cet	02 12.8	-02 24	[5.5, 5.7, 7.7]	147.0	3,󰥮9cm,45x,autumn(2)<NEWLINE>AB (Optical), PA: 235, Sep: 16.8<SECS>, Mag: 5.7/7.7 Interesting. Yellow and orange? Blue? delicate. Not far from Mira. SW.<NEWLINE>AC (Optical), PA: 53, Sep: 147.0<SECS>, Mag: 5.7/11.5 Faint star to the north-east.
105	Mesarthim	Gamma 2 Ari, 5 Ari	STF 180	Ari	01 53.5	+19 18	[3.8, 4.5, 4.6]	216.8	3,󰥮9cm,100x,autumn(2)<NEWLINE>AB (Physical), PA: 2, Sep: 7.4<SECS>, Mag: 4.5/4.6 Same magnitude and colour. Yellow-white. Easy to split at 52x. They look like moth eyes!<NEWLINE>AC (Optical), PA: 81, Sep: 216.8<SECS>, Mag: 4.5/8.6 Dim and very far away, to the east.
106	HD 13247	BD+32 390	STF 219	Tri	02 10.3	+33 22	[7.6, 8.0, 8.9]	11.7	2,󰥮10cm,50x,autumn(2)<NEWLINE>AB (Physical), PA: 186, Sep: 11.7<SECS>, Mag: 8.0/8.9 Faint. Interesting field stars. B is slightly dimmer and nearly due south. Pale blue both.
107	15 Tri	HR 750	AG  304	Tri	02 35.8	+34 41	[5.3, 5.6, 6.8]	142.4	2,󰥮9cm,25x,autumn(2)<NEWLINE>AB (Uncertain), PA: 16, Sep: 142.4<SECS>, Mag: 5.6/6.8 Amazing colours. Wide pair. NNE. Easy target in binoculars. Pale orange. B is aquamarine.
108	Polaris	Alpha UMi, 1 UMi	STF  93	UMi	02 31.9	+89 16	[2.0, 2.0, 9.1]	18.4	2,󰥮10cm,50x,autumn(2)<NEWLINE>AB (Physical), PA: 236, Sep: 18.4<SECS>, Mag: 2.0/9.1 Yellow and blue and beautiful! SW.
109	Zeta Per	Atik, 44 Per	STF 464	Per	03 54.1	+31 53	[2.9, 2.9, 9.2]	120.0	5,󰥮9cm,70x,autumn(2)<NEWLINE>AB (Physical), PA: 209, Sep: 12.9<SECS>, Mag: 2.9/9.2 aka Atik. Tight. A is pale yellow. Near triple HD 24601.<NEWLINE>AC (Uncertain), PA: 286, Sep: 33.3<SECS>, Mag: 2.9/11.2 Faintest of all. NW.<NEWLINE>AD (Optical), PA: 195, Sep: 98.6<SECS>, Mag: 2.9/10.4 A pair, dim, to the south. D and E stars. D is closer. Hard to get colours, orange?<NEWLINE>AE (Physical), PA: 186, Sep: 120.0<SECS>, Mag: 2.9/10.0 A pair, dim, to the south. D and E stars. Hard to get colours, blue?
110	Miram	Eta Per, 15 Per	STF 307	Per	02 50.7	+55 54	[3.8, 3.8, 8.5]	242.9	6,󰥮9cm,45x,autumn(2)<NEWLINE>AB (Uncertain), PA: 301, Sep: 28.7<SECS>, Mag: 3.8/8.5 Miram. Light orange with blue-green. NW.<NEWLINE>AC (Optical), PA: 269, Sep: 64.0<SECS>, Mag: 3.8/11.6 Grey. To the W. Same distance as F.<NEWLINE>AE (Optical), PA: 297, Sep: 242.9<SECS>, Mag: 3.8/9.2 Blue-white. Beyond B. Well away<NEWLINE>AF (Optical), PA: 25, Sep: 57.7<SECS>, Mag: 3.8/11.4 Dull yellow. Same distance as CD. Nearly due N.<NEWLINE>CD (Uncertain), PA: 116, Sep: 5.2<SECS>, Mag: 11.6/12.7 Grey. Same distance as F. D is the <SECS>inner<SECS> star while C is the <SECS>outer.<SECS>
