object,type,comments,p-object
IC239,Galaxy,P27,
NGC205,Galaxy,"M110, Herschel 400 H18-5 Satellite of Andromeda",
NGC221,Galaxy,M32 Satellite of Andromeda,
NGC224,Galaxy,M31 Andromeda Galaxy,
NGC404,Galaxy,Herschel 400 H224-2 Not Found 404 Galaxy,
NGC752,Open Cluster,"C28, Herschel 400 H32-7",
NGC891,Galaxy,"C23, Herschel 400 H19-5 Outer Limits Galaxy",
NGC956,Asterism,P123,
NGC7640,Galaxy,P218,
NGC7662,Planetary Nebula,"C22, Herschel 400 H18-4 Blue Snowball Nebula",
NGC7686,Open Cluster,Herschel 400 H69-8,
NGC2997,Galaxy,P276,
NGC6981,Globular Cluster,M72,
NGC6994,Asterism,M73,
NGC7009,Planetary Nebula,"C55, Herschel 400 H1-4 Saturn Nebula",
NGC7089,Globular Cluster,M2,
NGC7184,Galaxy,P206,
NGC7293,Planetary Nebula,C63 Helix Nebula,
NGC7377,Galaxy,P229,
NGC7492,Globular Cluster,P208,
NGC7606,Galaxy,Herschel 400 H104-1,
NGC7723,Galaxy,Herschel 400 H110-1,
NGC7727,Galaxy,Herschel 400 H111-1,
IC4846,Planetary Nebula,P258,
NGC6709,Open Cluster,P1 Levy’s Cluster,
NGC6738,Asterism,P18,
NGC6741,Planetary Nebula,P207 Phantom Streak Nebula,
NGC6751,Planetary Nebula,P348 Glowing Eye Nebula,
NGC6755,Open Cluster,Herschel 400 H19-7,
NGC6756,Open Cluster,Herschel 400 H62-7,
NGC6760,Globular Cluster,P19,
NGC6778,Planetary Nebula,P354,
NGC6781,Planetary Nebula,Herschel 400 H743-3 Snowglobe Nebula,
NGC6790,Planetary Nebula,P51 Mustang Nebula,
NGC6803,Planetary Nebula,P209,
NGC6804,Planetary Nebula,P350,
NGC6807,Planetary Nebula,P353,
NGC772,Galaxy,Herschel 400 H112-1 Fiddlehead Galaxy,
NGC821,Galaxy,"P234, partially obscured by Star SAO 92805",
IC405,Emission/Reflect,Neb C31 Flaming Star Nebula,
IC410,Emission Nebula,P277 Tadpole Nebula,
IC417,HII,Ionized Nebula P314 Spider Nebula,
IC2149,Planetary Nebula,P126,
NGC1664,Open Cluster,Herschel 400 H59-8,
NGC1778,Open Cluster,P68,
NGC1798,Open Cluster,P253,
NGC1857,Open Cluster,Herschel 400 H33-7,
NGC1883,Open Cluster,P211,
NGC1893,Open Cluster,"P69, embedded in IC410 Tadpole Nebula",
NGC1907,Open Cluster,Herschel 400 H39-7,
NGC1912,Open Cluster,M38 Starfish Cluster,
NGC1931,Emission/Reflect,Neb Herschel 400 H261-1 Fly Nebula,
NGC1960,Open Cluster,M36 Pinwheel Cluster,
NGC2099,Open Cluster,M37 Salt and Pepper Cluster,
NGC2126,Open Cluster,Herschel 400 H68-8,
NGC2192,Open Cluster,P212,
NGC2281,Open Cluster,Herschel 400 H71-8 Broken Heart Cluster,
NGC5248,Galaxy,"C45, Herschel 400 H34-1",
NGC5466,Globular Cluster,Herschel 400 H9-6,
NGC5557,Galaxy,Herschel 400 H99-1,
NGC5676,Galaxy,Herschel 400 H189-1,
NGC5689,Galaxy,Herschel 400 H188-1,
IC342,Galaxy,C5 Hidden Galaxy,
IC356,Galaxy,P127,
IC361,Open Cluster,P213,
IC3568,Planetary Nebula,P128 Lemon Slice Nebula,
NGC1501,Planetary Nebula,Herschel 400 H53-4 Camel’s Eye Nebula,
NGC1502,Open Cluster,"Herschel 400 H47-7, endpoint of Kemble’s Cascade",
NGC1569,Galaxy,P136,
NGC1961,Galaxy,Herschel 400 H747-3,
NGC2146,Galaxy,P130 Dusty Hand Galaxy,
NGC2336,Galaxy,P70,
NGC2403,Galaxy,"C7, Herschel 400 H44-5",
NGC2655,Galaxy,Herschel 400 H288-1,
NGC2715,Galaxy,P265,
NGC2632,Open Cluster,"M44 Beehive Cluster, Praesepe",
NGC2682,Open Cluster,M67 King Cobra Cluster,
NGC2775,Galaxy,"C48, Herschel 400 H2-1",
NGC4111,Galaxy,Herschel 400 H195-1,
NGC4143,Galaxy,Herschel 400 H54-4,
NGC4145,Galaxy,P342,
NGC4151,Galaxy,Herschel 400 H165-1,
NGC4214,Galaxy,Herschel 400 H95-1,
NGC4217,Galaxy,P83,
NGC4242,Galaxy,P214,
NGC4244,Galaxy,C26,
NGC4258,Galaxy,"M106, Herschel 400 H43-5",
NGC4346,Galaxy,Herschel 400 H210-1,
NGC4395,Galaxy,P71,
NGC4449,Galaxy,"C21, Herschel 400 H213-1",
NGC4485,Galaxy,"Herschel 400 H197-1, paired with NGC 4490",
NGC4490,Galaxy,"Herschel 400 H198-1 Cocoon Galaxy, w/NGC 4485",
NGC4618,Galaxy,Herschel 400 H178-1,
NGC4631,Galaxy,"C32, Herschel 400 H42-4 Whale Galaxy",
NGC4656,Galaxy,Herschel 400 H176-1 Hockey Stick Galaxy,
NGC4736,Galaxy,M94 Cat’s Eye Galaxy,
NGC4800,Galaxy,Herschel 400 H211-1,
NGC5005,Galaxy,"C29, Herschel 400 H96-1, paired with NGC 5033",
NGC5033,Galaxy,"Herschel 400 H97-1, paired with NGC 5005",
NGC5055,Galaxy,M63 Sunflower Galaxy,
NGC5194,Galaxy,"M51 Whirlpool Galaxy, paired with NGC 5195",
NGC5195,Galaxy,"Herschel 400 H186-1, paired with M51 (NGC 5194)",
NGC5272,Globular Cluster,M3,
NGC5273,Galaxy,Herschel 400 H98-1,
NGC5353,Galaxy,"P215, paired with NGC 5354",
NGC5371,Galaxy,P177,
IC2163,Galaxy,"P133, colliding with NGC 2207",
IC2165,Planetary Nebula,P216,
NGC2204,Open Cluster,Herschel 400 H13-7,
NGC2207,Galaxy,"P134, colliding with IC 2163",
NGC2217,Galaxy,P72 Snake Eye Galaxy,
NGC2243,Open Cluster,P132,
NGC2280,Galaxy,P371,
NGC2287,Open Cluster,M41 Little Beehive Cluster,
NGC2293,Galaxy,"P23, paired with NGC 2292",
NGC2325,Galaxy,P155,
NGC2345,Open Cluster,P73,
NGC2354,Open Cluster,Herschel 400 H16-7,
NGC2359,HII,Ionized Nebula P20 Thor’s Helmet Nebula,
NGC2360,Open Cluster,"C58, Herschel 400 H12-7 Caroline’s Cluster",
NGC2362,Open Cluster,"C64, Herschel 400 H17-7 Tau Canis Majoris Cluster",
NGC2367,Open Cluster,P74,
NGC2374,Open Cluster,P75,
NGC2380,Galaxy,P131,
NGC2383,Open Cluster,P135,
NGC2384,Open Cluster,P76,
NGC6907,Galaxy,P344,
NGC7099,Globular Cluster,M30 Jellyfish Globular Cluster,
IC10,Galaxy,P77,
IC59,Emission/Reflect,Neb P21 Gamma Cassiopeiae Nebula (West),
IC63,Emission/Reflect,Neb P22 Gamma Cassiopeiae Nebula (East),
IC166,Open Cluster,P217,
IC289,Planetary Nebula,P290,
IC1590,Open Cluster,"P144, included in NGC 281 Pacman Nebula",
IC1747,Planetary Nebula,P146,
IC1795,HII,"Ionized Nebula P122 Fish Head Nebula, partially overlaps NGC 896",
IC1805,Emission Nebula,"P2 Heart Nebula, includes Open Cluster Melotte 15",
IC1848,Emission Nebula,"P3 Soul Nebula, Westerhout 5",
NGC103,Open Cluster,P137,
NGC110,Open Cluster,P250,
NGC129,Open Cluster,Herschel 400 H79-8,
NGC133,Open Cluster,P138,
NGC136,Open Cluster,Herschel 400 H35-6,
NGC146,Open Cluster,P204,
NGC147,Galaxy,C17 Satellite of Andromeda,
NGC185,Galaxy,"C18, Herschel 400 H707-2 Satellite of Andromeda",
NGC189,Open Cluster,P5,
NGC225,Open Cluster,Herschel 400 H78-8 Sailboat Cluster,
NGC278,Galaxy,Herschel 400 H159-1,
NGC281,HII,Ionized Nebula P4 Pacman Nebula,
NGC366,Open Cluster,P220,
NGC381,Open Cluster,Herschel 400 H64-8,
NGC436,Open Cluster,Herschel 400 H45-7,
NGC457,Open Cluster,"C13, Herschel 400 H42-1 Dragonfly Cluster",
NGC559,Open Cluster,"C8, Herschel 400 H48-7",
NGC581,Open Cluster,M103,
NGC609,Open Cluster,P219,
NGC637,Open Cluster,Herschel 400 H49-7,
NGC654,Open Cluster,Herschel 400 H46-7,
NGC659,Open Cluster,Herschel 400 H65-8,
NGC663,Open Cluster,"C10, Herschel 400 H31-6",
NGC1027,Open Cluster,"Herschel 400 H66-8, overlaps part of Heart Nebula",
NGC7635,HII,Ionized Nebula C11 Bubble Nebula,
NGC7654,Open Cluster,M52 Scorpion Cluster,
NGC7788,Open Cluster,P139,
NGC7789,Open Cluster,Herschel 400 H30-6 White Rose Cluster,
NGC7790,Open Cluster,Herschel 400 H56-7,
IC4329,Galaxy,P272,
NGC4936,Galaxy,P285,
Caldwell9,HII,"Ionized Nebula C9 Cave Nebula, Sharpless 155",
IC1396,Emission Nebula,P6 Elephant’s Trunk Nebula,
IC1470,HII,Ionized Nebula P192,
NGC40,Planetary Nebula,"C2, Herschel 400 H58-4 Bow Tie Nebula",
NGC188,Open Cluster,C1 Polarissima Cluster,
NGC2300,Galaxy,P160,
NGC6939,Open Cluster,Herschel 400 H42-6,
NGC6951,Galaxy,P267,
NGC7023,Reflection Nebula,C4 Iris Nebula,
NGC7129,Reflection Nebula,P58,
NGC7142,Open Cluster,Herschel 400 H66-7,
NGC7160,Open Cluster,Herschel 400 H67-8,
NGC7226,Open Cluster,P140,
NGC7235,Open Cluster,P7,
NGC7261,Open Cluster,P8,
NGC7354,Planetary Nebula,P257,
NGC7380,Open Cluster,"Herschel 400 H77-8, inside the Wizard Nebula",
NGC7510,Open Cluster,Herschel 400 H44-7,
NGC7538,Emission Nebula,P94,
NGC7762,Open Cluster,P141,
NGC7822,HII,Ionized Nebula P33,
IC1613,Galaxy,C51,
NGC45,Galaxy,P225,
NGC157,Galaxy,Herschel 400 H3-2,
NGC210,Galaxy,P251,
NGC246,Planetary Nebula,"C56, Herschel 400 H25-5 Skull Nebula",
NGC247,Galaxy,"C62, Herschel 400 H20-5 Claw Galaxy",
NGC578,Galaxy,P221,
NGC584,Galaxy,Herschel 400 H100-1,
NGC596,Galaxy,Herschel 400 H4-2,
NGC615,Galaxy,Herschel 400 H282-2,
NGC720,Galaxy,Herschel 400 H105-1,
NGC779,Galaxy,Herschel 400 H101-1,
NGC864,Galaxy,P124,
NGC908,Galaxy,Herschel 400 H153-1,
NGC936,Galaxy,Herschel 400 H23-4,
NGC988,Galaxy,"P324, partially obscured by Star SAO 129994",
NGC1022,Galaxy,Herschel 400 H102-1,
NGC1042,Galaxy,P148,
NGC1052,Galaxy,Herschel 400 H63-1,
NGC1055,Galaxy,Herschel 400 H1-1,
NGC1068,Galaxy,M77 Squid Galaxy,
NGC1073,Galaxy,P205,
NGC1087,Galaxy,P227 Saint Nikola’s Prayer Galaxy,
NGC4147,Globular Cluster,Herschel 400 H19-1,
NGC4150,Galaxy,Herschel 400 H73-1,
NGC4192,Galaxy,M98,
NGC4203,Galaxy,Herschel 400 H175-1,
NGC4212,Galaxy,P193,
NGC4245,Galaxy,Herschel 400 H74-1,
NGC4251,Galaxy,Herschel 400 H89-1,
NGC4254,Galaxy,M99 Saint Catherine’s Wheel Galaxy,
NGC4274,Galaxy,Herschel 400 H75-1,
NGC4278,Galaxy,Herschel 400 H90-1,
NGC4293,Galaxy,Herschel 400 H5-5,
NGC4314,Galaxy,Herschel 400 H76-1,
NGC4321,Galaxy,M100,
NGC4340,Galaxy,"P54, paired with NGC 4350",
NGC4350,Galaxy,"Herschel 400 H86-2, paired with NGC 4340",
NGC4382,Galaxy,"M85, paired with NGC 4394",
NGC4394,Galaxy,"Herschel 400 H55-2, paired with M85 (NGC 4382)",
NGC4414,Galaxy,Herschel 400 H77-1 Dusty Spiral Galaxy,
NGC4419,Galaxy,Herschel 400 H113-1,
NGC4448,Galaxy,Herschel 400 H91-1,
NGC4450,Galaxy,Herschel 400 H56-2,
NGC4459,Galaxy,Herschel 400 H161-1,
NGC4473,Galaxy,Herschel 400 H114-2,
NGC4477,Galaxy,Herschel 400 H115-2,
NGC4494,Galaxy,Herschel 400 H83-1,
NGC4501,Galaxy,M88,
NGC4548,Galaxy,"M91, Herschel 400 H120-2",
NGC4559,Galaxy,"C36, Herschel 400 H92-1",
NGC4565,Galaxy,"C38, Herschel 400 H24-5 Needle Galaxy",
NGC4651,Galaxy,P222,
NGC4689,Galaxy,Herschel 400 H128-2,
NGC4710,Galaxy,P175,
NGC4725,Galaxy,Herschel 400 H84-1,
NGC4826,Galaxy,M64 Black Eye Galaxy,
NGC4889,Galaxy,C35,
NGC5024,Globular Cluster,M53,
NGC5053,Globular Cluster,P78,
NGC4027,Galaxy,Herschel 400 H296-2,
NGC4038,Galaxy,"C60, Herschel 400 H28.1-4 Antenna Galaxy (North)",
NGC4039,Galaxy,"C61, Herschel 400 H28.2-4 Antenna Galaxy (South)",
NGC4361,Planetary Nebula,Herschel 400 H65-1 Garden Sprinkler Nebula,
NGC3511,Galaxy,P181,
NGC3887,Galaxy,P105,
NGC3892,Galaxy,P53,
NGC3962,Galaxy,Herschel 400 H67-1,
NGC3981,Galaxy,P245,
IC1318,Emission Nebula,"P24 Gamma Cygni Nebula, includes Sadr SAO 49528",
IC1369,Open Cluster,P11,
IC4996,Open Cluster,P16,
IC5068,HII,Ionized Nebula P359 Forsaken Nebula,
IC5070,HII,"Ionized Nebula P79 Pelican Nebula, includes IC 5067",
IC5076,Reflection Nebula,P186,
IC5117,Planetary Nebula,P223,
IC5146,Emission/Reflect,Neb C19 Cocoon Nebula,
NGC6811,Open Cluster,P10 Hole Cluster,
NGC6819,Open Cluster,P12,
NGC6826,Planetary Nebula,"C15, Herschel 400 H73-4 Blinking Planetary Nebula",
NGC6833,Planetary Nebula,P278,
NGC6834,Open Cluster,Herschel 400 H16-8,
NGC6857,HII,Ionized Nebula P64,
NGC6866,Open Cluster,Herschel 400 H59-7,
NGC6871,Open Cluster,P9,
NGC6883,Open Cluster,P17,
NGC6884,Planetary Nebula,P195,
NGC6888,HII,Ionized Nebula C27 Crescent Nebula,
NGC6894,Planetary Nebula,P349,
NGC6910,Open Cluster,Herschel 400 H56-8,
NGC6913,Open Cluster,M29 Cooling Tower Cluster,
NGC6914,Reflection Nebula,P143,
NGC6946,Galaxy,"C12, Herschel 400 H76-4 Fireworks Galaxy",
NGC6960,Supernova Remnant,C34 Veil Nebula (West),
NGC6992,Supernova Remnant,"C33 Veil Nebula (East), includes NGC 6995 and IC 1340",
NGC6996,Asterism,"P224, included in NGC 7000 North America Nebula",
NGC6997,Open Cluster,"P145, included in NGC 7000 North America Nebula",
NGC7000,HII,"Ionized Nebula C20, Herschel 400 H37-5 North America Nebula",
NGC7008,Planetary Nebula,Herschel 400 H192-1,
NGC7026,Planetary Nebula,P147,
NGC7027,Planetary Nebula,P25 Jewel Bug Nebula,
NGC7039,Open Cluster,P13,
NGC7044,Open Cluster,Herschel 400 H24-6,
NGC7048,Planetary Nebula,P226,
NGC7062,Open Cluster,Herschel 400 H51-7,
NGC7063,Open Cluster,P14,
NGC7067,Open Cluster,P149,
NGC7082,Open Cluster,P15,
NGC7086,Open Cluster,Herschel 400 H32-6,
NGC7092,Open Cluster,M39,
NGC7128,Open Cluster,Herschel 400 H40-7,
NGC6891,Planetary Nebula,P152,
NGC6905,Planetary Nebula,Herschel 400 H16-4 Blue Flash Nebula,
NGC6934,Globular Cluster,"C47, Herschel 400 H103-1",
NGC7006,Globular Cluster,"C42, Herschel 400 H52-1",
NGC3147,Galaxy,Herschel 400 H79-1,
NGC4125,Galaxy,P26,
NGC4236,Galaxy,C3,
NGC4589,Galaxy,P279,
NGC4750,Galaxy,P292,
NGC5866,Galaxy,"M102, Herschel 400 H215-1",
NGC5907,Galaxy,Herschel 400 H759-2 Splinter Galaxy,
NGC5982,Galaxy,Herschel 400 H764-2,
NGC6015,Galaxy,P151,
NGC6340,Galaxy,P142,
NGC6503,Galaxy,P80 Shooting Star Galaxy,
NGC6543,Planetary Nebula,"C6, Herschel 400 H37-4 Cat’s Eye Nebula",
NGC6643,Galaxy,P194,
IC2118,Reflection Nebula,P112 Witch Head Nebula,
NGC1084,Galaxy,Herschel 400 H64-1,
NGC1187,Galaxy,P293,
NGC1232,Galaxy,P28 Eye of God Galaxy,
NGC1300,Galaxy,P81,
NGC1332,Galaxy,P82,
NGC1395,Galaxy,P228,
NGC1400,Galaxy,P367,
NGC1407,Galaxy,Herschel 400 H107-1,
NGC1535,Planetary Nebula,Herschel 400 H26-4 Cleopatra’s Eye Nebula,
NGC1600,Galaxy,P299,
NGC1637,Galaxy,P286,
NGC1700,Galaxy,P305,
NGC1097,Galaxy,C67,
NGC1201,Galaxy,P153,
NGC1255,Galaxy,P178,
NGC1302,Galaxy,P154,
NGC1360,Planetary Nebula,P84 Robin’s Egg Nebula,
NGC1367,Galaxy,P85,
NGC1385,Galaxy,P300,
NGC1398,Galaxy,P32,
NGC1425,Galaxy,P86,
IC443,Supernova Remnant,P249 Jellyfish Nebula,
IC444,Reflection Nebula,P306,
IC2157,Open Cluster,P156,
NGC2129,Open Cluster,Herschel 400 H26-8,
NGC2158,Globular Cluster,Herschel 400 H17-6,
NGC2168,Open Cluster,M35 Shoe Buckle Cluster,
NGC2266,Open Cluster,Herschel 400 H21-6,
NGC2304,Open Cluster,Herschel 400 H2-6,
NGC2331,Open Cluster,P157,
NGC2355,Open Cluster,Herschel 400 H6-6,
NGC2371,Planetary Nebula,Herschel 400 H316-2 Double Bubble Nebula (South),
NGC2372,Planetary Nebula,Herschel 400 H317-2 Double Bubble Nebula (North),
NGC2392,Planetary Nebula,"C39, Herschel 400 H45-4 Eskimo Nebula",
NGC2395,Open Cluster,Herschel 400 H11-8,
NGC2420,Open Cluster,Herschel 400 H1-6,
IC4593,Planetary Nebula,P158 White Eyed Pea Nebula,
NGC6205,Globular Cluster,M13 Great Hercules Globular Cluster,
NGC6207,Galaxy,Herschel 400 H701-2,
NGC6210,Planetary Nebula,P34 Turtle Nebula,
NGC6229,Globular Cluster,Herschel 400 H50-4,
NGC6341,Globular Cluster,M92,
NGC2548,Open Cluster,"M48, Herschel 400 H22-6",
NGC2784,Galaxy,P87,
NGC2811,Galaxy,Herschel 400 H505-2,
NGC2835,Galaxy,P291,
NGC2935,Galaxy,P263,
NGC2986,Galaxy,P297,
NGC3078,Galaxy,P243,
NGC3091,Galaxy,P317,
NGC3109,Galaxy,P88,
NGC3242,Planetary Nebula,"C59, Herschel 400 H27-4 Ghost of Jupiter Nebula",
NGC3311,Galaxy,P98,
NGC3585,Galaxy,P35,
NGC3621,Galaxy,Herschel 400 H241-1,
NGC3717,Galaxy,P345,
NGC3904,Galaxy,P310,
NGC3923,Galaxy,P89,
NGC4105,Galaxy,"P284, paired with NGC 4106",
NGC4590,Globular Cluster,M68,
NGC5061,Galaxy,P264,
NGC5078,Galaxy,P304,
NGC5101,Galaxy,P271,
NGC5236,Galaxy,M83 Southern Pinwheel Galaxy,
NGC5694,Globular Cluster,"C66, Herschel 400 H196-2",
IC1434,Open Cluster,P159,
IC5217,Planetary Nebula,P230 Little Saturn Nebula,
NGC7209,Open Cluster,Herschel 400 H53-7,
NGC7243,Open Cluster,"C16, Herschel 400 H75-8",
NGC7245,Open Cluster,P161,
NGC7296,Open Cluster,Herschel 400 H41-7,
NGC2903,Galaxy,Herschel 400 H56-1,
NGC2964,Galaxy,Herschel 400 H114-1,
NGC3190,Galaxy,Herschel 400 H44-2,
NGC3193,Galaxy,Herschel 400 H45-2,
NGC3226,Galaxy,"Herschel 400 H28-2, paired with NGC 3227",
NGC3227,Galaxy,"Herschel 400 H29-2, paired with NGC 3226",
NGC3351,Galaxy,M95,
NGC3338,Galaxy,P307,
NGC3368,Galaxy,M96,
NGC3377,Galaxy,Herschel 400 H99-2,
NGC3379,Galaxy,"M105, Herschel 400 H17-1",
NGC3384,Galaxy,Herschel 400 H18-1,
NGC3412,Galaxy,Herschel 400 H27-1,
NGC3489,Galaxy,Herschel 400 H101-2,
NGC3521,Galaxy,Herschel 400 H13-1,
NGC3593,Galaxy,Herschel 400 H29-1,
NGC3607,Galaxy,"Herschel 400 H50-2, paired with NGC 3608",
NGC3608,Galaxy,"Herschel 400 H51-2, paired with NGC 3607",
NGC3623,Galaxy,M65,
NGC3626,Galaxy,"C40, Herschel 400 H52-2",
NGC3627,Galaxy,M66,
NGC3628,Galaxy,Herschel 400 H8-5 Hamburger Galaxy,
NGC3640,Galaxy,Herschel 400 H33-2,
NGC3646,Galaxy,P180,
NGC3655,Galaxy,Herschel 400 H5-1,
NGC3686,Galaxy,Herschel 400 H160-2,
NGC3705,Galaxy,P311,
NGC3810,Galaxy,Herschel 400 H21-1,
NGC3900,Galaxy,Herschel 400 H82-1,
NGC3912,Galaxy,Herschel 400 H342-2,
NGC2859,Galaxy,Herschel 400 H137-1,
NGC3245,Galaxy,Herschel 400 H86-1,
NGC3277,Galaxy,Herschel 400 H359-2,
NGC3294,Galaxy,Herschel 400 H164-1,
NGC3344,Galaxy,Herschel 400 H81-1,
NGC3395,Galaxy,Herschel 400 H116-1,
NGC3414,Galaxy,Herschel 400 H362-2,
NGC3432,Galaxy,Herschel 400 H172-1,
NGC3486,Galaxy,Herschel 400 H87-1,
NGC3504,Galaxy,Herschel 400 H88-1,
IC418,Planetary Nebula,P90 Spirograph Nebula,
NGC1904,Globular Cluster,M79,
NGC1964,Galaxy,Herschel 400 H21-4,
NGC2196,Galaxy,P327,
NGC5812,Galaxy,P46,
NGC5897,Globular Cluster,Herschel 400 H19-6,
NGC2419,Globular Cluster,"C25, Herschel 400 H218-1 Intergalactic Wanderer",
NGC2549,Galaxy,P252,
NGC2683,Galaxy,Herschel 400 H200-1 UFO Galaxy,
NGC2782,Galaxy,Herschel 400 H167-1,
NGC6720,Planetary Nebula,M57 Ring Nebula,
NGC6743,Open Cluster,P312,
NGC6779,Globular Cluster,M56,
NGC6791,Open Cluster,P162,
IC447,HII,Ionized Nebula P125 Dreyer’s Nebula,
IC448,HII,Ionized Nebula P172,
IC2177,HII,Ionized Nebula P52 Seagull Nebula includes Star SAO 152320 at center,
NGC2149,Reflection Nebula,P303,
NGC2170,Reflection Nebula,P296,
NGC2182,Reflection Nebula,P262,
NGC2185,Reflection Nebula,Herschel 400 H20-4,
NGC2215,Open Cluster,Herschel 400 H20-7,
NGC2232,Open Cluster,Herschel 400 H25-8,
NGC2236,Open Cluster,P163,
NGC2237,HII,"Ionized Nebula C49 Rosette Nebula, includes NGC 2238 and NGC 2246",
NGC2239,Open Cluster,"P254, embedded in NGC 2237 Rosette Nebula",
NGC2244,Open Cluster,"C50, Herschel 400 H2-7, embedded in NGC 2237",
NGC2245,Reflection Nebula,P255,
NGC2250,Open Cluster,P164,
NGC2251,Open Cluster,Herschel 400 H3-8,
NGC2252,Open Cluster,P91,
NGC2254,Open Cluster,P165,
NGC2259,Open Cluster,P231,
NGC2261,Reflection Nebula,C46 Hubble’s Variable Nebula,
NGC2262,Open Cluster,P232,
NGC2264,Open Cluster,"H 400 H27-5 Cone Nebula, H5-8 Christmas Tree Cluster",
NGC2269,Open Cluster,P166,
NGC2282,HII,Ionized Nebula P269,
NGC2286,Open Cluster,Herschel 400 H31-8,
NGC2299,Open Cluster,P167,
NGC2301,Open Cluster,Herschel 400 H27-6,
NGC2309,Open Cluster,P233,
NGC2311,Open Cluster,Herschel 400 H60-8,
NGC2323,Open Cluster,M50 Heart Shaped Cluster,
NGC2324,Open Cluster,Herschel 400 H38-7,
NGC2335,Open Cluster,"Herschel 400 H32-8, overlaps IC 2177 Seagull Nebula",
NGC2343,Open Cluster,"Herschel 400 H33-8, overlaps IC 2177 Seagull Nebula",
NGC2346,Planetary Nebula,P283 Butterfly Nebula,
NGC2353,Open Cluster,Herschel 400 H34-8,
NGC2368,Open Cluster,P235,
NGC2506,Open Cluster,"C54, Herschel 400 H37-6",
IC4603,Reflection Nebula,"P325, part of Rho Ophiuchi Cloud Complex",
IC4604,Reflection Nebula,P313 Rho Ophiuchi Nebula,
IC4634,Planetary Nebula,P168,
IC4665,Open Cluster,P36,
NGC6171,Globular Cluster,"M107, Herschel 400 H40-6 Crucifix Cluster",
NGC6218,Globular Cluster,M12 Gumball Globular Cluster,
NGC6235,Globular Cluster,Herschel 400 H584-2,
NGC6254,Globular Cluster,M10,
NGC6266,Globular Cluster,M62 Flickering Globular Cluster,
NGC6273,Globular Cluster,M19,
NGC6284,Globular Cluster,Herschel 400 H11-6,
NGC6287,Globular Cluster,Herschel 400 H195-2,
NGC6293,Globular Cluster,Herschel 400 H12-6,
NGC6304,Globular Cluster,Herschel 400 H147-1,
NGC6309,Planetary Nebula,P236 Box Nebula,
NGC6316,Globular Cluster,Herschel 400 H45-1,
NGC6325,Globular Cluster,P169,
NGC6333,Globular Cluster,M9,
NGC6342,Globular Cluster,Herschel 400 H149-1,
NGC6355,Globular Cluster,Herschel 400 H46-1,
NGC6356,Globular Cluster,Herschel 400 H48-1,
NGC6366,Globular Cluster,P37,
NGC6369,Planetary Nebula,Herschel 400 H11-4 Little Ghost Nebula,
NGC6384,Galaxy,P320,
NGC6401,Globular Cluster,Herschel 400 H44-1,
NGC6402,Globular Cluster,M14,
NGC6426,Globular Cluster,Herschel 400 H587-2,
NGC6517,Globular Cluster,Herschel 400 H199-2,
NGC6572,Planetary Nebula,P38 Emerald Nebula,
NGC6633,Open Cluster,Herschel 400 H72-8,
IC431,Reflection Nebula,P361,
IC432,Reflection Nebula,P362,
IC434,HII,"Ionized/Dark Neb P92, includes Barnard 33 Horsehead Nebula",
IC435,Reflection Nebula,P368,
IC2162,Emission Nebula,P358,
NGC1662,Open Cluster,P39,
NGC1788,Reflection Nebula,Herschel 400 H32-5,
NGC1976,HII,"Ionized Nebula M42 Great Orion Nebula, includes Trapezium Cluster",
NGC1977,Reflection Nebula,"P40 Running Man Nebula, includes NGC 1975",
NGC1980,Open Cluster,Herschel 400 H31-5 Lost Jewel of Orion Cluster,
NGC1981,Open Cluster,P41,
NGC1982,HII,Ionized Nebula M43 DeMairan Nebula,
NGC1999,Reflection/Dark,Neb Herschel 400 H33-4 Cosmic Keyhole Nebula,
NGC2022,Planetary Nebula,Herschel 400 H34-4,
NGC2023,Emission/Reflect,Neb P93,
NGC2024,Emission Nebula,Herschel 400 H28-5 Flame Nebula,
NGC2064,Reflection Nebula,P356,
NGC2067,Reflection Nebula,P357,
NGC2068,Reflection Nebula,M78,
NGC2071,Reflection Nebula,P42,
NGC2112,Open Cluster,P170,
NGC2141,Open Cluster,P171,
NGC2169,Open Cluster,Herschel 400 H24-8 The 37 Cluster,
NGC2174,HII,Ionized Nebula P43 Monkey Head Nebula,
NGC2175,Open Cluster,"P369, overlaps NGC 2174 Monkey Head Nebula",
NGC2180,Open Cluster,P321,
NGC2186,Open Cluster,Herschel 400 H25-7,
NGC2194,Open Cluster,Herschel 400 H5-6,
NGC7078,Globular Cluster,M15 Great Pegasus Globular Cluster,
NGC7177,Galaxy,P370,
NGC7217,Galaxy,Herschel 400 H207-2,
NGC7331,Galaxy,"C30, Herschel 400 H53-1",
NGC7332,Galaxy,P288 Paired with NGC 7339,
NGC7448,Galaxy,Herschel 400 H251-2,
NGC7457,Galaxy,P173,
NGC7479,Galaxy,"C44, Herschel 400 H55-1 Superman Galaxy",
NGC7619,Galaxy,P346,
NGC7626,Galaxy,P108,
NGC7814,Galaxy,C43 Little Sombrero Galaxy,
IC348,Open Cluster,P95,
IC351,Planetary Nebula,P351,
IC2003,Planetary Nebula,P237,
IC2067,Reflection Nebula,P326,
NGC650/NGC651,Planetary Nebula,"M76, Herschel 400 H193-1 Little Dumbell Nebula",
NGC744,Open Cluster,P96,
NGC869,Open Cluster,"C14a, Herschel 400 H33-6 Double Cluster (West)",
NGC884,Open Cluster,"C14b, Herschel 400 H34-6 Double Cluster (East)",
NGC957,Open Cluster,P97,
NGC1023,Galaxy,Herschel 400 H156-1 Perseus Lenticular Galaxy,
NGC1039,Open Cluster,M34 Spiral Cluster,
NGC1058,Galaxy,P107,
NGC1161,Galaxy,P261,
NGC1220,Open Cluster,P238,
NGC1245,Open Cluster,Herschel 400 H25-6,
NGC1275,Galaxy,C24 Perseus A Seyfert Galaxy,
NGC1333,Reflection Nebula,P330,
NGC1342,Open Cluster,Herschel 400 H88-8 Stingray Cluster,
NGC1444,Open Cluster,Herschel 400 H80-8,
NGC1491,HII,Ionized Nebula P60 Fossil Footprint Nebula,
NGC1496,Open Cluster,P174,
NGC1499,Emission Nebula,P44 California Nebula,
NGC1513,Open Cluster,Herschel 400 H60-7,
NGC1528,Open Cluster,Herschel 400 H61-7,
NGC1545,Open Cluster,Herschel 400 H85-8,
NGC1579,Emission/Reflect,Neb P333 Northern Trifid Nebula,
NGC1582,Open Cluster,P45,
NGC1605,Open Cluster,"P239, pair of Open Clusters (overlapping binary pair)",
NGC1624,Open Cluster,P240,
NGC315,Galaxy,P366,
NGC488,Galaxy,Herschel 400 H252-3,
NGC524,Galaxy,Herschel 400 H151-1,
NGC628,Galaxy,M74 Phantom Galaxy,
NGC660,Galaxy,P318,
NGC741,Galaxy,P260,
NGC2396,Open Cluster,P99,
NGC2409,Open Cluster,P100,
NGC2414,Open Cluster,P101,
NGC2421,Open Cluster,Herschel 400 H67-7,
NGC2422,Open Cluster,"M47, Herschel 400 H38-8",
NGC2423,Open Cluster,Herschel 400 H28-7,
NGC2432,Open Cluster,P241,
NGC2437,Open Cluster,M46,
NGC2438,Planetary Nebula,Herschel 400 H39-4,
NGC2440,Planetary Nebula,Herschel 400 H64-4 Bow Tie Nebula,
NGC2447,Open Cluster,M93 Critter Cluster,
NGC2452,Planetary Nebula,"P47, appears close to NGC 2453 but is unrelated",
NGC2453,Open Cluster,P176,
NGC2455,Open Cluster,P242,
NGC2467,Emission Nebula,P102 Skull and Crossbones Nebula,
NGC2479,Open Cluster,Herschel 400 H58-7,
NGC2482,Open Cluster,Herschel 400 H10-7,
NGC2483,Open Cluster,P103,
NGC2489,Open Cluster,Herschel 400 H23-7,
NGC2509,Open Cluster,Herschel 400 H1-8,
NGC2527,Open Cluster,Herschel 400 H30-8,
NGC2533,Open Cluster,P104,
NGC2539,Open Cluster,Herschel 400 H11-7,
NGC2566,Galaxy,P48,
NGC2567,Open Cluster,Herschel 400 H64-7,
NGC2571,Open Cluster,Herschel 400 H39-6,
NGC2587,Open Cluster,P179,
NGC2613,Galaxy,P298,
NGC2627,Open Cluster,Herschel 400 H63-7,
IC4997,Planetary Nebula,P246,
NGC6838,Globular Cluster,M71 Angelfish Globular Cluster,
NGC6879,Planetary Nebula,P355,
NGC6886,Planetary Nebula,P247,
IC1274,HII,Ionized Nebula P323,
IC1284,HII,Ionized Nebula P281,
IC4678,Emission Nebula,"P295, at edge of M8 (NGC 6523) Lagoon Nebula",
IC4684,Reflection Nebula,P363,
IC4685,Emission/Reflect,Neb P364,
IC4701,Emission Nebula,P365,
IC4706,Emission Nebula,P274,
IC4715,Bright,Star Field M24 Small Sagittarius Star Cloud,
IC4725,Open Cluster,M25,
IC4732,Planetary Nebula,P182,
IC4776,Planetary Nebula,P183,
NGC6440,Globular Cluster,Herschel 400 H150-1,
NGC6445,Planetary Nebula,Herschel 400 H586-2,
NGC6469,Open Cluster,P184,
NGC6494,Open Cluster,M23,
NGC6507,Open Cluster,P185,
NGC6514,HII,"Ionized Nebula M20, Herschel 400 H41-1 Trifid Nebula",
NGC6520,Open Cluster,"Herschel 400 H7-7, in Large Sagittarius Star Cloud",
NGC6522,Globular Cluster,Herschel 400 H49-1,
NGC6523,HII,Ionized Nebula M8 Lagoon Nebula,
NGC6528,Globular Cluster,Herschel 400 H200-2,
NGC6530,Open Cluster,"P49, overlaps M8 (NGC 6523) Lagoon Nebula",
NGC6531,Open Cluster,M21 Webb’s Cross Cluster,
NGC6537,Planetary Nebula,P316 Red Spider Nebula,
NGC6540,Globular Cluster,Herschel 400 H198-2,
NGC6544,Globular Cluster,Herschel 400 H197-2,
NGC6546,Open Cluster,P106,
NGC6553,Globular Cluster,Herschel 400 H12-4,
NGC6558,Globular Cluster,P210,
NGC6559,Emission/Reflect,Neb P328,
NGC6565,Planetary Nebula,P248,
NGC6567,Planetary Nebula,P188,
NGC6568,Open Cluster,Herschel 400 H30-7,
NGC6569,Globular Cluster,Herschel 400 H201-2,
NGC6583,Open Cluster,Herschel 400 H31-7,
NGC6589,Reflection Nebula,P302,
NGC6590,Reflection Nebula,P50,
NGC6603,Open Cluster,"P340, embedded in M24 Small Sagittarius Star Cloud",
NGC6613,Open Cluster,M18 Black Swan Cluster,
NGC6618,HII,Ionized Nebula M17 Omega Nebula,
NGC6624,Globular Cluster,Herschel 400 H50-1,
NGC6626,Globular Cluster,M28,
NGC6629,Planetary Nebula,Herschel 400 H204-2,
NGC6637,Globular Cluster,M69,
NGC6638,Globular Cluster,Herschel 400 H51-1,
NGC6642,Globular Cluster,Herschel 400 H205-2,
NGC6644,Planetary Nebula,P309,
NGC6645,Open Cluster,Herschel 400 H23-6,
NGC6652,Globular Cluster,P31,
NGC6656,Globular Cluster,M22 Great Sagitarius Globular Cluster,
NGC6681,Globular Cluster,M70,
NGC6715,Globular Cluster,M54,
NGC6716,Open Cluster,P109,
NGC6717,Globular Cluster,"P110, Palomar 9, nearly obscured by Star SAO 187445",
NGC6809,Globular Cluster,M55 Specter Globular Cluster,
NGC6818,Planetary Nebula,Herschel 400 H51-4 Little Gem Nebula,
NGC6822,Galaxy,C57 Barnard’s Galaxy,
NGC6864,Globular Cluster,M75,
IC4591,HII,"Ionized Nebula P360, part of Rho Ophiuchi Cloud Complex",
IC4592,Reflection Nebula,P29 Blue Horsehead Nebula,
IC4601,Reflection Nebula,"P331, part of Rho Ophiuchi Cloud Complex",
IC4605,Reflection Nebula,"P189, part of Rho Ophiuchi Cloud Complex",
NGC6093,Globular Cluster,M80,
NGC6121,Globular Cluster,M4 Spider Globular Cluster,
NGC6144,Globular Cluster,Herschel 400 H10-6,
NGC6405,Open Cluster,M6 Butterfly Cluster,
NGC6451,Open Cluster,Herschel 400 H13-6,
NGC6475,Open Cluster,M7 Ptolemy’s Cluster,
NGC253,Galaxy,"C65, Herschel 400 H1-5 Sculptor Galaxy",
NGC288,Globular Cluster,Herschel 400 H20-6,
NGC613,Galaxy,Herschel 400 H281-1,
NGC7507,Galaxy,P117,
IC1287,Reflection Nebula,P334,
IC1295,Planetary Nebula,P352,
NGC6625,Open Cluster,P191,
NGC6631,Open Cluster,P196,
NGC6649,Open Cluster,P197,
NGC6664,Open Cluster,Herschel 400 H12-8,
NGC6683,Open Cluster,P335,
NGC6694,Open Cluster,M26,
NGC6704,Open Cluster,P198,
NGC6705,Open Cluster,M11 Wild Duck Cluster,
NGC6712,Globular Cluster,Herschel 400 H47-1,
NGC5904,Globular Cluster,M5 Rose Globular Cluster,
NGC5921,Galaxy,P336,
NGC6118,Galaxy,Herschel 400 H402-2,
IC1276,Globular Cluster,"P118, Palomar 7 Globular Cluster",
IC4703,HII,"Ionized Nebula P337, includes M16 (NGC 6611) Eagle Nebula",
IC4756,Open Cluster,P62 Graff’s Cluster,
NGC6535,Globular Cluster,P199,
NGC6539,Globular Cluster,P119,
NGC6604,Open Cluster,P63,
NGC6611,HII,"Ionized Nebula M16 Eagle Nebula and Cluster, included in IC 4703",
NGC2974,Galaxy,Herschel 400 H61-1,
NGC3115,Galaxy,"C53, Herschel 400 H163-1 Spindle Galaxy",
NGC3166,Galaxy,"Herschel 400 H3-1, paired with NGC 3169",
NGC3169,Galaxy,"Herschel 400 H4-1, paired with NGC 3166",
NGC3423,Galaxy,P187,
Messier45,Open Cluster,"M45, Collinder 42, Pleiades, Seven Sisters, Subaru",
Caldwell41,Open Cluster,"C41, Collinder 50, Hyades",
IC349,Reflection Nebula,P339 Barnard’s Merope Nebula,
NGC1514,Planetary Nebula,P120 Crystal Ball Nebula,
NGC1554,Reflection Nebula,P200 Von Struve’s Lost Nebula,
NGC1555,Reflection Nebula,P201 Hind’s Variable Nebula,
NGC1647,Open Cluster,Herschel 400 H8-8,
NGC1746,Asterism,"P55, includes NGC 1750 and NGC 1758",
NGC1750,Open Cluster,"Herschel 400 H43-8, overlaps NGC 1746",
NGC1807,Asterism,P65,
NGC1817,Open Cluster,Herschel 400 H4-7,
NGC1952,Supernova Remnant,M1 Crab Nebula,
NGC598,Galaxy,"M33, Herschel 400 H17-5 Triangulum Galaxy",
NGC672,Galaxy,P114,
NGC890,Galaxy,P150,
NGC925,Galaxy,P66,
Messier40,Double,"Star M40, Winnecke 4 (not a binary pair)",
IC2574,Galaxy,P121 Coddington’s Dwarf Galaxy,
NGC2681,Galaxy,Herschel 400 H242-1,
NGC2685,Galaxy,P57 Helix Galaxy,
NGC2742,Galaxy,Herschel 400 H249-1,
NGC2768,Galaxy,Herschel 400 H250-1,
NGC2787,Galaxy,Herschel 400 H216-1,
NGC2805,Galaxy,P338,
NGC2841,Galaxy,Herschel 400 H205-1,
NGC2950,Galaxy,Herschel 400 H68-4,
NGC2976,Galaxy,Herschel 400 H285-1,
NGC2985,Galaxy,Herschel 400 H78-1,
NGC3031,Galaxy,M81 Bode’s Galaxy,
NGC3034,Galaxy,"M82, Herschel 400 H79-4 Cigar Galaxy",
NGC3077,Galaxy,Herschel 400 H286-1,
NGC3079,Galaxy,Herschel 400 H47-5,
NGC3184,Galaxy,Herschel 400 H168-1 Little Pinwheel Galaxy,
NGC3198,Galaxy,Herschel 400 H199-1,
NGC3310,Galaxy,Herschel 400 H60-4,
NGC3319,Galaxy,P244,
NGC3348,Galaxy,P282,
NGC3359,Galaxy,P202,
NGC3556,Galaxy,"M108, Herschel 400 H46-5 Surfboard Galaxy",
NGC3587,Planetary Nebula,M97 Owl Nebula,
NGC3610,Galaxy,Herschel 400 H270-1,
NGC3613,Galaxy,"Herschel 400 H271-1, paired with NGC 3619",
NGC3619,Galaxy,"Herschel 400 H244-1, paired with NGC 3613",
NGC3631,Galaxy,Herschel 400 H226-1,
NGC3665,Galaxy,Herschel 400 H219-1,
NGC3675,Galaxy,Herschel 400 H194-1,
NGC3718,Galaxy,"P275, paired with NGC 3729",
NGC3726,Galaxy,Herschel 400 H730-2,
NGC3729,Galaxy,"Herschel 400 H222-1, paired with NGC 3718",
NGC3813,Galaxy,Herschel 400 H94-1,
NGC3877,Galaxy,Herschel 400 H201-1,
NGC3893,Galaxy,Herschel 400 H738-2,
NGC3898,Galaxy,Herschel 400 H228-1,
NGC3938,Galaxy,Herschel 400 H203-1,
NGC3941,Galaxy,Herschel 400 H173-1,
NGC3945,Galaxy,Herschel 400 H251-1,
NGC3949,Galaxy,Herschel 400 H202-1,
NGC3953,Galaxy,Herschel 400 H45-5,
NGC3982,Galaxy,Herschel 400 H62-4,
NGC3992,Galaxy,"M109, Herschel 400 H61-4 Vacuum Cleaner Galaxy",
NGC3998,Galaxy,Herschel 400 H229-1,
NGC4026,Galaxy,Herschel 400 H223-1,
NGC4036,Galaxy,"Herschel 400 H253-1, paired with NGC 4041",
NGC4041,Galaxy,"Herschel 400 H252-1, paired with NGC 4036",
NGC4051,Galaxy,Herschel 400 H56-4,
NGC4062,Galaxy,P332,
NGC4085,Galaxy,"Herschel 400 H224-1, paired with NGC 4088",
NGC4088,Galaxy,"Herschel 400 H206-1, paired with NGC 4085",
NGC4096,Galaxy,P268,
NGC4100,Galaxy,P347,
NGC4102,Galaxy,Herschel 400 H225-1,
NGC4605,Galaxy,P111,
NGC5322,Galaxy,Herschel 400 H256-1,
NGC5448,Galaxy,P129,
NGC5457,Galaxy,"M101 Pinwheel Galaxy, paired with NGC 5474",
NGC5473,Galaxy,Herschel 400 H231-1,
NGC5474,Galaxy,"Herschel 400 H214-1, paired with M101 (NGC 5457)",
NGC5585,Galaxy,P289,
NGC5631,Galaxy,Herschel 400 H236-1,
NGC6217,Galaxy,Herschel 400 H280-1,
NGC4030,Galaxy,Herschel 400 H121-1,
NGC4179,Galaxy,Herschel 400 H9-1,
NGC4216,Galaxy,Herschel 400 H35-1,
NGC4261,Galaxy,Herschel 400 H139-2,
NGC4267,Galaxy,P280,
NGC4273,Galaxy,Herschel 400 H569-2,
NGC4281,Galaxy,Herschel 400 H573-2,
NGC4303,Galaxy,"M61, Herschel 400 H139-1 Swelling Spiral Galaxy",
NGC4365,Galaxy,Herschel 400 H30-1,
NGC4371,Galaxy,Herschel 400 H22-1,
NGC4374,Galaxy,"M84, part of Markarian’s Chain",
NGC4388,Galaxy,P190,
NGC4406,Galaxy,"M86, part of Markarian’s Chain",
NGC4417,Galaxy,P116,
NGC4429,Galaxy,Herschel 400 H65-2,
NGC4435,Galaxy,Herschel 400 H28.1-1 Markarian’s Eyes Galaxy (North),
NGC4438,Galaxy,Herschel 400 H28.2-1 Markarian’s Eyes Galaxy (South),
NGC4442,Galaxy,Herschel 400 H156-2,
NGC4457,Galaxy,P343,
NGC4461,Galaxy,"P315, paired with NGC 4458, part of Markarian’s Chain",
NGC4469,Galaxy,P322,
NGC4472,Galaxy,M49,
NGC4478,Galaxy,Herschel 400 H124-2,
NGC4486,Galaxy,M87 Virgo A Galaxy,
NGC4503,Galaxy,P287,
NGC4517,Galaxy,P30,
NGC4526,Galaxy,Herschel 400 H31-1,
NGC4527,Galaxy,Herschel 400 H37-2,
NGC4535,Galaxy,Herschel 400 H500-2 Lost Galaxy,
NGC4536,Galaxy,Herschel 400 H2-5,
NGC4546,Galaxy,Herschel 400 H160-1,
NGC4550,Galaxy,Herschel 400 H36-1,
NGC4552,Galaxy,M89,
NGC4567/NGC4568,Galaxy,P56 Siamese Twins Galaxies,
NGC4569,Galaxy,M90,
NGC4570,Galaxy,Herschel 400 H32-1,
NGC4579,Galaxy,M58,
NGC4594,Galaxy,"M104, Herschel 400 H43-1 Sombrero Galaxy",
NGC4596,Galaxy,Herschel 400 H24-1,
NGC4608,Galaxy,P341,
NGC4621,Galaxy,M59,
NGC4636,Galaxy,Herschel 400 H38-2,
NGC4638,Galaxy,P256,
NGC4643,Galaxy,Herschel 400 H10-1,
NGC4649,Galaxy,M60,
NGC4654,Galaxy,Herschel 400 H126-2,
NGC4660,Galaxy,Herschel 400 H71-2,
NGC4665,Galaxy,Herschel 400 H142-1,
NGC4666,Galaxy,Herschel 400 H15-1,
NGC4691,Galaxy,P294,
NGC4697,Galaxy,"C52, Herschel 400 H39-1",
NGC4698,Galaxy,Herschel 400 H8-1,
NGC4699,Galaxy,Herschel 400 H129-1,
NGC4742,Galaxy,P59,
NGC4753,Galaxy,Herschel 400 H16-1,
NGC4754,Galaxy,"Herschel 400 H25-1, paired with NGC 4762",
NGC4762,Galaxy,"Herschel 400 H75-2, paired with NGC 4754",
NGC4781,Galaxy,Herschel 400 H134-1,
NGC4845,Galaxy,Herschel 400 H536-2,
NGC4856,Galaxy,Herschel 400 H68-1,
NGC4866,Galaxy,Herschel 400 H162-1,
NGC4900,Galaxy,Herschel 400 H143-1,
NGC4958,Galaxy,Herschel 400 H130-1,
NGC4984,Galaxy,P308,
NGC4995,Galaxy,Herschel 400 H42-1,
NGC5018,Galaxy,P273,
NGC5044,Galaxy,P259,
NGC5054,Galaxy,Herschel 400 H513-2,
NGC5068,Galaxy,P203,
NGC5084,Galaxy,P329,
NGC5087,Galaxy,P319,
NGC5170,Galaxy,P61,
NGC5247,Galaxy,P67,
NGC5363,Galaxy,"Herschel 400 H6-1, paired with NGC 5364",
NGC5364,Galaxy,"Herschel 400 H534-2, paired with NGC 5363",
NGC5566,Galaxy,Herschel 400 H144-1,
NGC5576,Galaxy,Herschel 400 H146-1,
NGC5634,Globular Cluster,Herschel 400 H70-1,
NGC5638,Galaxy,P115,
NGC5701,Galaxy,P113,
NGC5746,Galaxy,Herschel 400 H126-1,
NGC5813,Galaxy,P270,
NGC5838,Galaxy,P266,
NGC5846,Galaxy,Herschel 400 H128-1,
NGC5850,Galaxy,P301,
NGC6802,Open Cluster,Herschel 400 H14-6,
NGC6823,Open Cluster,Herschel 400 H18-7,
NGC6830,Open Cluster,Herschel 400 H9-7,
NGC6853,Planetary Nebula,M27 Dumbell Nebula,
NGC6882,Open Cluster,Herschel 400 H22-8,
NGC6885,Open Cluster,"C37, Herschel 400 H20-8",
NGC6940,Open Cluster,Herschel 400 H8-7,
